n,media,ic_low,ic_high
1,0.928,,
2,0.9165000000000001,0.7703786455340829,1.0626213544659173
3,0.9036666666666667,0.8414970154929156,0.9658363178404179
4,0.9002500000000001,0.8659647717207897,0.9345352282792105
5,0.8968,0.871728839061504,0.9218711609384961
6,0.8968333333333334,0.8778804365776491,0.9157862300890176
7,0.8977142857142858,0.8823151708820667,0.9131134005465049
8,0.8992500000000001,0.8858606087991429,0.9126393912008574
9,0.8951111111111112,0.8801544206900779,0.9100678015321445
10,0.898,0.8833395460088573,0.9126604539911427
11,0.8992727272727273,0.8859069635749486,0.9126384909705061
12,0.8980833333333335,0.8857497847035583,0.9104168819631087
13,0.8964615384615386,0.8846878425056988,0.9082352344173785
14,0.8972857142857144,0.8863319834118468,0.9082394451595819
15,0.8973333333333334,0.8872089996659828,0.9074576670006841
16,0.8968750000000001,0.8874128783161453,0.9063371216838548
17,0.897764705882353,0.8887257609720456,0.9068036507926605
18,0.8971111111111113,0.8885183036357558,0.9057039185864668
19,0.8970526315789475,0.888957978979749,0.905147284178146
20,0.8969000000000001,0.8892429398273565,0.9045570601726438
21,0.8967142857142859,0.8894452081741696,0.9039833632544022
22,0.8965454545454548,0.8896268435595365,0.903464065531373
23,0.8970869565217392,0.8903992815434747,0.9037746315000037
24,0.8962916666666668,0.8896963204521419,0.9028870128811918
25,0.89644,0.8901210989180642,0.9027589010819358
26,0.8963461538461538,0.8902848927148429,0.9024074149774647
27,0.8967407407407407,0.8908634081976425,0.9026180732838389
28,0.8955,0.889299888158426,0.901700111841574
29,0.8947931034482758,0.8886475630730287,0.9009386438235228
30,0.8951999999999999,0.8892139245626235,0.9011860754373763
31,0.894774193548387,0.8889277718818558,0.9006206152149183
32,0.8951875,0.889471873316606,0.900903126683394
33,0.895090909090909,0.8895547010021756,0.9006271171796425
34,0.8946470588235294,0.8892070514200018,0.9000870662270569
35,0.8939428571428572,0.8884758252546373,0.899409889031077
36,0.8937777777777778,0.888459793470752,0.8990957620848036
37,0.8936216216216216,0.8884447979374633,0.8987984453057799
38,0.894578947368421,0.8891841393096782,0.8999737554271638
39,0.8945641025641026,0.8893140209817924,0.8998141841464128
40,0.8936,0.8881278922834596,0.8990721077165403
41,0.8937317073170732,0.888392357368101,0.8990710572660454
42,0.8938809523809523,0.8886655197502848,0.8990963850116198
43,0.893139534883721,0.8878351162433794,0.8984439535240626
44,0.893090909090909,0.887911087336325,0.8982707308454931
45,0.8931111111111111,0.8880508667145858,0.8981713555076364
46,0.8926739130434782,0.8876502253757679,0.8976976007111885
47,0.8927659574468084,0.887849773969497,0.8976821409241198
48,0.8930624999999998,0.8882157339559996,0.8979092660439999
49,0.8934081632653058,0.8886133134716442,0.8982030130589674
50,0.8935399999999997,0.8888370331342533,0.898242966865746
51,0.8933137254901957,0.8886838657492356,0.8979435852311558
52,0.8929999999999997,0.8884187524943051,0.8975812475056942
53,0.892962264150943,0.8884697456860161,0.89745478261587
54,0.8936481481481479,0.8890318353465413,0.8982644609497544
55,0.893363636363636,0.8887982175969639,0.8979290551303082
56,0.8935892857142854,0.8890852407594331,0.8980933306691378
57,0.8936842105263155,0.8892575783804244,0.8981108426722066
58,0.8929482758620687,0.8883573627802481,0.8975391889438893
59,0.8929152542372878,0.8884040253154588,0.8974264831591168
60,0.8930666666666663,0.8886225225878219,0.8975108107455108
61,0.8928360655737702,0.8884426254189896,0.8972295057285508
62,0.8928064516129028,0.8884855052893531,0.8971273979364526
63,0.8928571428571426,0.8886055149398653,0.8971087707744199
64,0.8924062499999996,0.8881269662238709,0.8966855337761284
65,0.8924615384615381,0.8882484440155459,0.8966746329075302
66,0.892333333333333,0.8881778978749176,0.8964887687917483
67,0.892328358208955,0.8882365773167681,0.8964201391011418
68,0.8924852941176468,0.8884431026862645,0.8965274855490291
69,0.8923913043478258,0.8884047882706361,0.8963778204250155
70,0.8922285714285711,0.8882870567165063,0.896170086140636
71,0.8922816901408448,0.8883956319404218,0.8961677483412678
72,0.8923749999999997,0.888539727973664,0.8962102720263354
73,0.8925342465753421,0.8887394859242468,0.8963290072264374
74,0.8929594594594592,0.889122452055861,0.8967964668630574
75,0.8931199999999997,0.8893218655101669,0.8969181344898325
76,0.8934342105263156,0.8896352926338796,0.8972331284187515
77,0.8930519480519479,0.8892269636565804,0.8968769324473154
78,0.8933333333333332,0.8895171408204205,0.8971495258462459
79,0.8929746835443036,0.8891408020944955,0.8968085649941118
80,0.8933374999999998,0.8894843202070007,0.8971906797929988
81,0.8932098765432096,0.8893968357497983,0.8970229173366209
82,0.8933414634146338,0.8895668328059946,0.8971160940232731
83,0.8930963855421684,0.8893364562217184,0.8968563148626184
84,0.8933809523809522,0.8896238469607102,0.8971380578011942
85,0.893070588235294,0.8893076400751276,0.8968335363954603
86,0.8931395348837208,0.8894187123342161,0.8968603574332255
87,0.8932413793103448,0.8895586214191261,0.8969241372015634
88,0.8930227272727271,0.8893568046028457,0.8966886499426086
89,0.8928314606741572,0.8891876634582621,0.8964752578900523
90,0.8928444444444443,0.8892418331137752,0.8964470557751134
91,0.893010989010989,0.8894333991994747,0.8965885788225032
92,0.8930108695652174,0.8894729099401594,0.8965488291902753
93,0.8929032258064515,0.8893975030779777,0.8964089485349254
94,0.8929148936170213,0.8894470857382044,0.8963827014958381
95,0.8927263157894737,0.8892753140088675,0.8961773175700799
96,0.8928124999999999,0.8893938197186552,0.8962311802813446
97,0.8924536082474227,0.8889966111616697,0.8959106053331757
98,0.8920204081632652,0.8884929331452789,0.8955478831812516
99,0.892070707070707,0.8885780681840463,0.8955633459573678
100,0.89217,0.8887072908961019,0.8956327091038981
101,0.8922574257425742,0.8888252108272758,0.8956896406578725
102,0.8922941176470588,0.8888953509882173,0.8956928843059003
103,0.8922330097087378,0.8888656204051499,0.8956003990123256
104,0.8919038461538461,0.8885060781738339,0.8953016141338583
105,0.8920380952380953,0.888662712084121,0.8954134783920696
106,0.8921792452830188,0.8888245367423022,0.8955339538237355
107,0.892429906542056,0.8890701068269313,0.8957897062571807
108,0.8923055555555556,0.8889682527831219,0.8956428583279893
109,0.8923211009174312,0.8890147638481102,0.8956274379867523
110,0.8923909090909092,0.8891121874306795,0.8956696307511389
111,0.8924414414414416,0.8891911804456502,0.895691702437233
112,0.8923482142857144,0.8891221332503939,0.8955742953210349
113,0.8923451327433629,0.8891480372763364,0.8955422282103894
114,0.8923596491228072,0.8891908981395474,0.8955284001060669
115,0.8922000000000001,0.8890433393110488,0.8953566606889514
116,0.8921120689655173,0.8889781871773409,0.8952459507536937
117,0.8922307692307694,0.8891151899758297,0.895346348485709
118,0.8919576271186442,0.8888218317578971,0.8950934224793914
119,0.8922521008403363,0.8890888293332865,0.8954153723473862
120,0.8924000000000002,0.889249830732984,0.8955501692670164
121,0.8925867768595044,0.8894412044347257,0.895732349284283
122,0.8926147540983609,0.8894948424717091,0.8957346657250127
123,0.8926585365853661,0.8895631365560909,0.8957539366146413
124,0.8928225806451615,0.8897353706150247,0.8959097906752983
125,0.8928720000000002,0.8898082707134818,0.8959357292865187
126,0.8928888888888891,0.8898496279288529,0.8959281498489252
127,0.8930708661417324,0.8900344336066914,0.8961072986767733
128,0.8930781250000002,0.8900657037161455,0.8960905462838549
129,0.8928527131782947,0.8898308632771085,0.895874563079481
130,0.892969230769231,0.8899620882065625,0.8959763733318994
131,0.8930000000000002,0.8900154974684555,0.8959845025315449
132,0.8930151515151518,0.8900534058646227,0.8959768971656809
133,0.8931729323308273,0.8902172228678473,0.8961286417938072
134,0.8932238805970152,0.8902887851283391,0.8961589760656913
135,0.8930888888888892,0.8901636060264617,0.8960141717513166
136,0.8930073529411767,0.8900993807964258,0.8959153250859276
137,0.8930875912408762,0.8901967570462489,0.8959784254355035
138,0.8929782608695654,0.890100506897529,0.8958560148416019
139,0.8929136690647484,0.8900540243395577,0.8957733137899392
140,0.8927285714285718,0.8898661154062534,0.8955910274508901
141,0.892617021276596,0.8897665726391291,0.895467469914063
142,0.8925845070422538,0.8897536482960909,0.8954153657884166
143,0.8925314685314689,0.8897186922540297,0.8953442448089082
144,0.892416666666667,0.8896144560843127,0.8952188772490213
145,0.8925793103448278,0.8897781489077786,0.8953804717818771
146,0.8925205479452056,0.8897363777955841,0.8953047180948271
147,0.8924421768707484,0.8896728360609828,0.8952115176805141
148,0.892364864864865,0.8896102154047489,0.895119514324981
149,0.8923691275167787,0.8896331685524099,0.8951050864811474
150,0.8923933333333334,0.8896754047340645,0.8951112619326023
151,0.8923708609271525,0.8896707740728471,0.8950709477814578
152,0.8923486842105265,0.8896662064681589,0.8950311619528941
153,0.8921176470588237,0.889414089151227,0.8948212049664204
154,0.8923636363636366,0.8896342198510343,0.8950930528762389
155,0.8923290322580647,0.8896165608730233,0.8950415036431061
156,0.8924423076923079,0.8897381439109348,0.8951464714736811
157,0.8923503184713377,0.8896574320136382,0.8950432049290372
158,0.8923860759493671,0.889709488578364,0.8950626633203703
159,0.8924025157232706,0.8897427480425288,0.8950622834040123
160,0.8925062500000001,0.8898553576692607,0.8951571423307394
161,0.8923229813664597,0.8896639836339204,0.894981979098999
162,0.892283950617284,0.8896404185559119,0.8949274826786562
163,0.8924049079754602,0.8897669308445364,0.8950428851063841
164,0.892439024390244,0.889816437486095,0.8950616112943931
165,0.8924121212121213,0.8898050548469647,0.8950191875772779
166,0.8924277108433737,0.8898363312018688,0.8950190904848786
167,0.8923353293413177,0.8897531784124459,0.8949174802701894
168,0.8923630952380954,0.8897958878022854,0.8949303026739055
169,0.8923372781065091,0.8897849083859212,0.894889647827097
170,0.892423529411765,0.889880620115878,0.8949664387076519
171,0.8924853801169593,0.8899545458126464,0.8950162144212722
172,0.8923546511627909,0.8898254806840418,0.89488382164154
173,0.8924219653179193,0.8899040528853565,0.8949398777504821
174,0.8926034482758624,0.8900746523254242,0.8951322442263006
175,0.8925771428571432,0.8900624044615233,0.8950918812527631
176,0.8925568181818185,0.890056187200534,0.895057449163103
177,0.8925593220338986,0.8900729524993439,0.8950456915684534
178,0.8924943820224722,0.8900187975794401,0.8949699664655043
179,0.8923631284916205,0.8898879189165215,0.8948383380667194
180,0.8922222222222225,0.8897452406871666,0.8946992037572783
181,0.8921381215469617,0.8896693722228058,0.8946068708711176
182,0.8921758241758245,0.8897196418054146,0.8946320065462344
183,0.8922295081967215,0.8897845792283833,0.8946744371650598
184,0.8922228260869567,0.8897912742714356,0.8946543779024778
185,0.8922432432432433,0.8898246226830263,0.8946618638034604
186,0.8923118279569894,0.889902529414369,0.8947211264996098
187,0.8923368983957221,0.8899400929036242,0.8947337038878199
188,0.8923829787234044,0.8899973072224863,0.8947686502243226
189,0.8924338624338625,0.8900588072724619,0.894808917595263
190,0.892421052631579,0.8900584766742936,0.8947836285888644
191,0.8923874345549738,0.890036404973746,0.8947384641362016
192,0.892265625,0.8899146414452526,0.8946166085547473
193,0.8923834196891192,0.8900332142965481,0.8947336250816902
194,0.8925103092783505,0.890158969782015,0.894861648774686
195,0.892374358974359,0.890019867565925,0.894728850382793
196,0.8923010204081632,0.8899541865297277,0.8946478542865987
197,0.8923654822335025,0.8900272075773791,0.894703756889626
198,0.8924292929292929,0.8900995300404008,0.8947590558181849
199,0.8925025125628141,0.8901800661010548,0.8948249590245734
200,0.89239,0.8900686391380352,0.8947113608619648
201,0.8923681592039802,0.8900580454339957,0.8946782729739646
202,0.8923267326732673,0.890026702154238,0.8946267631922967
203,0.8922709359605911,0.8899796894022852,0.8945621825188971
204,0.8921225490196079,0.8898239331515807,0.894421164887635
205,0.8921317073170731,0.8898443276553293,0.894419086978817
206,0.8921213592233009,0.8898450852495885,0.8943976331970134
207,0.8920483091787439,0.8897785498200075,0.8943180685374803
208,0.8921298076923077,0.8898653440389191,0.8943942713456962
209,0.8921531100478468,0.8898991027103444,0.8944071173853492
210,0.8921285714285714,0.8898848643958177,0.894372278461325
211,0.8920331753554502,0.8897922844041218,0.8942740663067786
212,0.8919481132075471,0.8897115841455862,0.894184642269508
213,0.8919765258215961,0.8897498777290997,0.8942031739140925
214,0.8918785046728972,0.8896539388241581,0.8941030705216363
215,0.8917720930232558,0.889548044507635,0.8939961415388765
216,0.8918101851851852,0.8895952427633859,0.8940251276069845
217,0.8918617511520737,0.8896547556970861,0.8940687466070613
218,0.8918348623853211,0.8896374319582081,0.894032292812434
219,0.8918538812785387,0.8896662428952448,0.8940415196618327
220,0.8919681818181817,0.8897789446146821,0.8941574190216813
221,0.8920316742081447,0.8898488310947197,0.8942145173215696
222,0.8919414414414414,0.8897612433028038,0.894121639580079
223,0.8918834080717488,0.8897100512509917,0.894056764892506
224,0.8918839285714285,0.8897203489239449,0.8940475082189121
225,0.8919555555555554,0.8897970458080304,0.8941140653030804
226,0.8918185840707963,0.8896528135890889,0.8939843545525037
227,0.8919030837004404,0.8897405070774852,0.8940656603233955
228,0.8917894736842105,0.8896248468477757,0.8939541005206453
229,0.8918122270742357,0.8896566578443206,0.8939677963041508
230,0.8916956521739129,0.8895372684272572,0.8938540359205686
231,0.8916709956709955,0.889521476457876,0.893820514884115
232,0.891612068965517,0.8894687370821217,0.8937554008489124
233,0.8916180257510727,0.8894839287121785,0.893752122789967
234,0.8915726495726494,0.8894458601910696,0.8936994389542291
235,0.8916085106382977,0.8894896597613595,0.8937273615152359
236,0.8914830508474575,0.8893588149712217,0.8936072867236933
237,0.8913080168776369,0.8891648861221633,0.8934511476331106
238,0.8913109243697477,0.8891768560861012,0.8934449926533942
239,0.8911297071129706,0.8889748551471267,0.8932845590788144
240,0.8910249999999998,0.8888693003173993,0.8931806996826004
241,0.8910165975103734,0.8888698429832371,0.8931633520375097
242,0.8910826446280992,0.8889408690953992,0.8932244201607992
243,0.891119341563786,0.8889852180365442,0.8932534650910279
244,0.8911885245901638,0.8890588449377375,0.8933182042425902
245,0.8910979591836734,0.8889695445134842,0.8932263738538626
246,0.8910934959349592,0.8889737759075723,0.8932132159623462
247,0.8911376518218622,0.8890247829323552,0.8932505207113692
248,0.8911612903225804,0.8890564854207378,0.893266095224423
249,0.8911004016064256,0.8890006808598899,0.8932001223529612
250,0.8910479999999997,0.8889541910288392,0.8931418089711602
251,0.8909362549800794,0.8888392644073482,0.8930332455528107
252,0.8907896825396824,0.8886812162286987,0.8928981488506661
253,0.8906956521739129,0.8885874275755148,0.892803876772311
254,0.8908740157480313,0.8887449704259998,0.8930030610700628
255,0.8909019607843135,0.8887806072450195,0.8930233143236075
256,0.8908945312499998,0.8887814695101359,0.8930075929898638
257,0.8909338521400777,0.8888276438098852,0.8930400604702702
258,0.89084496124031,0.8887396812313463,0.8929502412492737
259,0.8908957528957527,0.8887962717901196,0.8929952340013859
260,0.8908692307692305,0.8887772262198391,0.8929612353186219
261,0.8909118773946357,0.8888262499016363,0.8929975048876352
262,0.8909580152671753,0.8888784152676258,0.8930376152667249
263,0.8910456273764256,0.8889668160044085,0.8931244387484426
264,0.8909204545454542,0.8888349537031403,0.8930059553877682
265,0.8908792452830185,0.8888000816533431,0.892958408912694
266,0.8907744360902252,0.8886928848615214,0.892855987318929
267,0.8908127340823967,0.8887376588136487,0.8928878093511446
268,0.8908880597014922,0.8888154641323083,0.8929606552706761
269,0.8909553903345722,0.888886298052386,0.8930244826167584
270,0.8908851851851849,0.8888191763369502,0.8929511940334196
271,0.8910147601476012,0.8889406751362017,0.8930888451590007
272,0.8909816176470585,0.8889141764369762,0.8930490588571408
273,0.8910073260073257,0.8889468840137135,0.8930677680009379
274,0.8910985401459851,0.8890378264244729,0.8931592538674973
275,0.891043636363636,0.8889876201019331,0.893099652625339
276,0.891083333333333,0.8890333229022943,0.8931333437643717
277,0.8910252707581224,0.8889795115436319,0.893071029972613
278,0.8910287769784169,0.8889904106146356,0.8930671433421982
279,0.8911039426523294,0.8890675446792072,0.8931403406254516
280,0.8910821428571425,0.8890526088332888,0.8931116768809961
281,0.8910889679715299,0.8890666562221285,0.8931112797209313
282,0.8910035460992904,0.888981446243438,0.8930256459551429
283,0.8910070671378088,0.8889921441642703,0.8930219901113472
284,0.8910457746478869,0.889036544459682,0.8930550048360918
285,0.8910175438596487,0.8890146353080578,0.8930204524112396
286,0.8911468531468527,0.8891348264967155,0.8931588797969899
287,0.8911602787456442,0.8891551306559524,0.893165426835336
288,0.8911909722222219,0.8891919150990826,0.8931900293453612
289,0.8912214532871968,0.889228451434421,0.8932144551399727
290,0.8911310344827582,0.8891369887244797,0.8931250802410368
291,0.8910756013745701,0.8890854558269781,0.8930657469221621
292,0.8911198630136982,0.8891346610493005,0.8931050649780958
293,0.8911467576791805,0.8891676630701384,0.8931258522882226
294,0.8911734693877547,0.8892004453926583,0.893146493382851
295,0.8911796610169487,0.8892133265940424,0.893145995439855
296,0.8911959459459455,0.8892360312011215,0.8931558606907696
297,0.8911952861952859,0.889242008387833,0.8931485640027388
298,0.8911812080536909,0.8892343256672467,0.8931280904401352
299,0.8911906354515047,0.8892502132472329,0.8931310576557765
300,0.8911899999999997,0.8892560826552246,0.8931239173447748
301,0.8911196013289033,0.8891871734221004,0.8930520292357063
302,0.8909337748344367,0.8889733738645208,0.8928941758043526
303,0.8909801980198016,0.8890241694003935,0.8929362266392096
304,0.8908848684210523,0.8889263060992181,0.8928434307428865
305,0.8909639344262292,0.8890056395197737,0.8929222293326847
306,0.8908529411764704,0.8888889002019463,0.8928169821509945
307,0.890889250814332,0.8889303398928443,0.8928481617358197
308,0.8909675324675324,0.8890089506131313,0.8929261143219334
309,0.8910064724919093,0.889052761373633,0.8929601836101857
310,0.8908967741935484,0.8889374743512717,0.8928560740358251
311,0.89091961414791,0.888966132222642,0.892873096073178
312,0.8909583333333335,0.8890096573590957,0.8929070093075714
313,0.8909552715654953,0.8890128463489256,0.8928976967820649
314,0.8909203821656052,0.8889829604347408,0.8928578038964696
315,0.8909174603174603,0.8889862142416598,0.8928487063932609
316,0.8908860759493671,0.8889599846754036,0.8928121672233306
317,0.8908675078864352,0.8889471781241262,0.8927878376487443
318,0.8908018867924528,0.8888832796164845,0.892720493968421
319,0.8908369905956112,0.888923183759348,0.8927507974318744
320,0.890821875,0.8889138492592075,0.8927299007407925
321,0.890822429906542,0.8889203797807863,0.8927244800322978
322,0.8907981366459627,0.8889014228701946,0.8926948504217309
323,0.8907832817337462,0.8888922456359135,0.8926743178315789
324,0.8907222222222222,0.8888332303662413,0.8926112140782031
325,0.890876923076923,0.8889693395125391,0.8927845066413069
326,0.8907760736196318,0.888864051171251,0.8926880960680127
327,0.8907308868501528,0.8888226706834709,0.8926391030168347
328,0.8907317073170731,0.8888293387706533,0.8926340758634929
329,0.8907477203647416,0.8888509027918703,0.8926445379376129
330,0.8907545454545454,0.8888634581725672,0.8926456327365235
331,0.890728096676737,0.8888420346120403,0.8926141587414338
332,0.8907650602409638,0.8888833031956921,0.8926468172862355
333,0.8907357357357356,0.88885877222105,0.8926126992504212
334,0.8906526946107783,0.8887742636219104,0.8925311255996463
335,0.8907194029850746,0.888842016565472,0.8925967894046771
336,0.8907767857142856,0.8889016150482093,0.892651956380362
337,0.8907863501483679,0.8889166775815273,0.8926560227152086
338,0.8907633136094674,0.8888986501533661,0.8926279770655686
339,0.8908761061946902,0.8890037796843882,0.8927484327049922
340,0.8908794117647058,0.8890126086838839,0.8927462148455276
341,0.8909208211143692,0.8890577388975951,0.8927839033311433
342,0.8910116959064326,0.8891455087775797,0.8928778830352855
343,0.8911516034985422,0.8892706453573914,0.8930325616396929
344,0.891171511627907,0.8892956400415569,0.893047383214257
345,0.8911884057971013,0.8893177035330847,0.893059108061118
346,0.8912485549132947,0.8893795382264126,0.8931175716001768
347,0.891293948126801,0.8894282069828301,0.8931596892707718
348,0.8914051724137929,0.8895320014034428,0.893278343424143
349,0.8914412607449855,0.8895721353145095,0.8933103861754615
350,0.8915142857142855,0.889645001152963,0.893383570275608
351,0.8915584045584043,0.8896924530983072,0.8934243560185013
352,0.8916079545454543,0.8897447796933297,0.8934711293975789
353,0.8917082152974501,0.8898399094679305,0.8935765211269698
354,0.8917966101694913,0.8899255140122346,0.893667706326748
355,0.8918647887323942,0.8899941769972627,0.8937354004675256
356,0.8918314606741571,0.8899649776611825,0.8936979436871316
357,0.8917731092436971,0.8899083453066944,0.8936378731806999
358,0.8918435754189941,0.889978888677483,0.8937082621605051
359,0.8918579387186626,0.8899982564754233,0.8937176209619019
360,0.8918111111111107,0.889954334238311,0.8936678879839103
361,0.8918254847645425,0.8899736601088484,0.8936773094202366
362,0.8918038674033145,0.8899566933670686,0.8936510414395604
363,0.8918347107438013,0.8899916511514823,0.8936777703361203
364,0.8918681318681315,0.8900289848727172,0.8937072788635458
365,0.8918767123287668,0.8900425502524183,0.8937108744051152
366,0.8918606557377046,0.8900312561056748,0.8936900553697343
367,0.8919482288828334,0.890115727718794,0.8937807300468729
368,0.8919891304347821,0.8901598631164404,0.8938183977531239
369,0.8919566395663953,0.8901312342799164,0.8937820448528742
370,0.8920243243243238,0.8901990165624861,0.8938496320861614
371,0.892040431266846,0.8902197907936312,0.8938610717400607
372,0.8920456989247307,0.8902299457577493,0.8938614520917122
373,0.8919517426273454,0.8901314797025558,0.8937720055521351
374,0.8919786096256681,0.890162467578097,0.8937947516732392
375,0.8920133333333329,0.8902007701150181,0.8938258965516477
376,0.8919734042553187,0.8901639795761994,0.893782828934438
377,0.8919098143236069,0.8901008845557851,0.8937187440914288
378,0.8919814814814809,0.8901718639796646,0.8937910989832972
379,0.891907651715039,0.8900970018129231,0.893718301617155
380,0.8918763157894731,0.8900694015504583,0.8936832300284879
381,0.8919186351706031,0.8901145649558257,0.8937227053853805
382,0.8918952879581146,0.8900953762370324,0.8936951996791968
383,0.8919216710182761,0.8901257306046527,0.8937176114318995
384,0.8918671874999994,0.8900727445905139,0.8936616304094849
385,0.891836363636363,0.8900455766605345,0.8936271506121914
386,0.8918031088082895,0.8900157855350059,0.8935904320815731
387,0.8918062015503869,0.8900235068585864,0.8935888962421874
388,0.8918273195876282,0.8900487551447256,0.8936058840305308
389,0.8918251928020559,0.8900512158108189,0.8935991697932928
390,0.8917512820512814,0.8899759167706999,0.8935266473318629
391,0.891746803069053,0.8899759764608222,0.8935176296772838
392,0.8917040816326524,0.8899357963559422,0.8934723669093625
393,0.8917353689567423,0.8899705305435165,0.8935002073699682
394,0.8917131979695424,0.8899523188365249,0.8934740771025599
395,0.8917240506329107,0.8899675192593751,0.8934805820064463
396,0.8917424242424236,0.8899899755113255,0.8934948729735216
397,0.8917682619647348,0.8900195087035232,0.8935170152259464
398,0.8917587939698485,0.8900143542546588,0.8935032336850381
399,0.8917293233082698,0.889988310189218,0.8934703364273217
400,0.8917449999999992,0.8900080846988312,0.8934819153011673
401,0.8917206982543633,0.8899874744362489,0.8934539220724776
402,0.8916965174129345,0.8899669701494898,0.8934260646763793
403,0.8917146401985104,0.8899890351211426,0.8934402452758783
404,0.8917599009900984,0.8900362872896335,0.8934835146905633
405,0.8917308641975302,0.8900105771180516,0.8934511512770088
406,0.8917290640394082,0.8900130284333658,0.8934450996454506
407,0.891683046683046,0.8899688565938633,0.8933972367722287
408,0.8917058823529406,0.8899953222949603,0.8934164424109209
409,0.8916943765281168,0.8899878664703816,0.8934008865858519
410,0.8917170731707311,0.8900141582222042,0.893419988119258
411,0.8916253041362524,0.8899169982734009,0.8933336099991039
412,0.891703883495145,0.8899927549874785,0.8934150120028114
413,0.8916368038740913,0.8899247503313166,0.893348857416866
414,0.8915434782608689,0.8898257528800854,0.8932612036416524
415,0.8915662650602403,0.8898521106112469,0.8932804195092336
416,0.8915624999999993,0.8898524671442332,0.8932725328557654
417,0.8915467625899273,0.8898405669953687,0.8932529581844858
418,0.8915717703349275,0.8898689636675955,0.8932745770022595
419,0.8915966587112164,0.8898972284005673,0.8932960890218655
420,0.8915357142857134,0.8898361197220128,0.893235308849414
421,0.8915676959619944,0.8898709899621712,0.8932644019618176
422,0.8915805687203783,0.889887710635209,0.8932734268055476
423,0.8916288416075641,0.8899373384286029,0.8933203447865252
424,0.8916533018867915,0.8899651195187144,0.8933414842548686
425,0.8916094117647049,0.8899230096369249,0.8932958138924848
426,0.8916267605633793,0.8899439875727891,0.8933095335539695
427,0.89167213114754,0.8899909480729093,0.8933533142221706
428,0.8917359813084101,0.890054053305314,0.8934179093115063
429,0.8917365967365957,0.8900586045992452,0.8934145888739461
430,0.8917999999999989,0.8901212937870377,0.8934787062129601
431,0.8917958236658922,0.8901210077947903,0.893470639536994
432,0.8918379629629619,0.8901649879737144,0.8935109379522095
433,0.8918706697459574,0.8902003363167074,0.8935410031752075
434,0.8918502304147454,0.8901832767972101,0.8935171840322808
435,0.8918413793103437,0.8901781819437189,0.8935045766769685
436,0.8918119266055035,0.8901515495668005,0.8934723036442064
437,0.891832951945079,0.8901758740166129,0.8934900298735452
438,0.8917557077625561,0.8900954721663837,0.8934159433587284
439,0.8917699316628692,0.8901132568591571,0.8934266064665813
440,0.8917613636363626,0.8901083829466643,0.8934143443260609
441,0.8917482993197269,0.8900988816458312,0.8933977169936226
442,0.8917601809954742,0.8901143438893387,0.8934060181016096
443,0.8917674943566581,0.8901253239817638,0.8934096647315525
444,0.8918423423423414,0.8901972947329972,0.8934873899516855
445,0.8918449438202236,0.8902035992738532,0.893486288366594
446,0.8917892376681604,0.8901479320800456,0.8934305432562752
447,0.8917561521252787,0.8901172421076071,0.8933950621429503
448,0.8917678571428561,0.8901324576581998,0.8934032566275124
449,0.8917683741648097,0.8901366306322075,0.8934001176974119
450,0.8916866666666657,0.8900506635807688,0.8933226697525627
451,0.8917117516629702,0.8900786456641483,0.8933448576617922
452,0.8917256637168133,0.8900959551807767,0.8933553722528499
453,0.8917439293598225,0.890117435918537,0.893370422801108
454,0.8917995594713647,0.8901729840585564,0.893426134884173
455,0.8918285714285704,0.8902045832914722,0.8934525595656686
456,0.8918070175438586,0.8901860507000191,0.8934279843876981
457,0.8917789934354476,0.8901606495823164,0.8933973372885788
458,0.8917947598253265,0.8901796655242904,0.8934098541263626
459,0.8917385620915023,0.8901232200970778,0.8933539040859267
460,0.8917652173913033,0.8901525492042891,0.8933778855783175
461,0.8917765726681117,0.8901672610127713,0.8933858843234521
462,0.8917012987012978,0.8900886846819384,0.8933139127206572
463,0.8917062634989191,0.8900971158072761,0.8933154111905621
464,0.8917112068965508,0.8901055106638808,0.8933169031292209
465,0.8917440860215045,0.8901405534812096,0.8933476185617993
466,0.8918197424892694,0.8902127716874908,0.8934267132910481
467,0.8918179871520334,0.8902144663626557,0.8934215079414112
468,0.8918098290598281,0.8902096668816913,0.8934099912379648
469,0.8917867803837943,0.890189400351546,0.8933841604160426
470,0.891768085106382,0.89017369290121,0.8933624773115539
471,0.8918067940552007,0.890213982092302,0.8933996060180994
472,0.8918495762711854,0.8902579295109546,0.8934412230314163
473,0.8918181818181808,0.890228714688283,0.8934076489480787
474,0.8918649789029526,0.8902762138608848,0.8934537439450203
475,0.8918421052631568,0.8902560601130581,0.8934281504132554
476,0.8918550420168057,0.8902721368014828,0.8934379472321285
477,0.8918700209643595,0.890290171974326,0.893449869954393
478,0.8918347280334717,0.8902566715273756,0.8934127845395679
479,0.8918058455114812,0.8902300729950646,0.8933816180278978
480,0.8917916666666656,0.8902189419798702,0.8933643913534611
481,0.8917151767151756,0.8901385533237827,0.8932918001065686
482,0.8917551867219907,0.8901798831019596,0.8933304903420218
483,0.891776397515527,0.890203814638454,0.8933489803925999
484,0.8918243801652883,0.8902522284638067,0.8933965318667699
485,0.8918762886597927,0.8903040781945015,0.893448499125084
486,0.8919012345679002,0.8903315050992112,0.8934709640365891
487,0.891870636550307,0.8903029884581358,0.8934382846424781
488,0.8918831967213104,0.8903185776982528,0.893447815744368
489,0.8919059304703467,0.8903438835340489,0.8934679774066445
490,0.8919163265306113,0.890357344806396,0.8934753082548266
491,0.8919755600814654,0.8904154175768135,0.8935357025861173
492,0.8919613821138201,0.8904041725240672,0.8935185917035731
493,0.8919695740365102,0.8904154507521919,0.8935236973208286
494,0.8919271255060719,0.890373918330484,0.8934803326816598
495,0.8919737373737364,0.8904209757809194,0.8935264989665535
496,0.8919616935483862,0.8904118927102147,0.8935114943865576
497,0.8920160965794759,0.8904657357539706,0.8935664574049812
498,0.8920522088353405,0.8905033459768786,0.8936010716938024
499,0.8920440881763518,0.8904982576045513,0.8935899187481524
500,0.8921039999999991,0.8905567875660078,0.8936512124339905
501,0.8921217564870251,0.8905772488485323,0.8936662641255179
502,0.8921892430278876,0.8906421304468154,0.8937363556089598
503,0.8922186878727625,0.8906735782098426,0.8937637975356824
504,0.8921984126984118,0.8906558647610076,0.8937409606358161
505,0.8922198019801971,0.8906797455464538,0.8937598584139405
506,0.8922509881422916,0.8907127648864854,0.8937892113980979
507,0.8922544378698217,0.8907192439106393,0.8937896318290042
508,0.8922066929133851,0.8906716625083535,0.8937417233184166
509,0.892186640471512,0.8906541295728159,0.8937191513702081
510,0.8921686274509796,0.890638722247863,0.8936985326540962
511,0.8921976516634043,0.8906696861148459,0.8937256172119626
512,0.8921992187499991,0.8906742444201968,0.8937241930798013
513,0.8922085769980498,0.8906864742470582,0.8937306797490414
514,0.8921789883268474,0.8906587449990595,0.8936992316546353
515,0.8921941747572806,0.8906765999069726,0.8937117496075886
516,0.8921976744186038,0.8906830347967842,0.8937123140404233
517,0.892220502901353,0.8907081375716231,0.8937328682310829
518,0.8921563706563697,0.8906416855285284,0.8936710557842109
519,0.8921502890173401,0.8906384848111474,0.8936620932235327
520,0.892151923076922,0.8906430323811049,0.8936608137727392
521,0.8921880998080604,0.8906804387610785,0.8936957608550422
522,0.8921340996168572,0.8906256014954298,0.8936425977382846
523,0.8921606118546834,0.8906541069240825,0.8936671167852843
524,0.8921889312977088,0.8906842819346359,0.8936935806607818
525,0.8921180952380942,0.890609887720563,0.8936263027556253
526,0.8921349809885921,0.8906292847051762,0.893640677272008
527,0.8920740037950654,0.8905664073899113,0.8935816002002195
528,0.8920265151515142,0.8905188942070287,0.8935341360959997
529,0.8919848771266531,0.8904778938592971,0.8934918603940091
530,0.8919905660377349,0.890486393838272,0.8934947382371977
531,0.8919020715630875,0.8903907098937243,0.8934134332324508
532,0.8919116541353375,0.8904030251001602,0.8934202831705147
533,0.8918611632270159,0.8903521106219623,0.8933702158320695
534,0.8918614232209728,0.8903552055649744,0.8933676408769713
535,0.8918280373831767,0.8903232143066759,0.8933328604596775
536,0.8918451492537305,0.8903427665852145,0.8933475319222465
537,0.8918659217877086,0.8903657907199674,0.8933660528554499
538,0.8918550185873598,0.8903575315968776,0.8933525055778421
539,0.8918812615955466,0.8903856730084624,0.8933768501826308
540,0.8919018518518511,0.8904084938415059,0.8933952098621963
541,0.8918650646950086,0.8903727251869239,0.8933574042030933
542,0.891867158671586,0.8903775756077378,0.8933567417354341
543,0.8918655616942903,0.8903787272492844,0.8933523961392963
544,0.8918253676470581,0.8903391762410309,0.8933115590530853
545,0.891844036697247,0.8903601276308326,0.8933279457636614
546,0.8918846153846146,0.8904012894150246,0.8933679413542046
547,0.8919378427787926,0.8904535499806737,0.8934221355769115
548,0.8919507299270065,0.8904689379392561,0.893432521914757
549,0.8919854280510011,0.8905047740350185,0.8934660820669837
550,0.8919509090909084,0.8904714010165451,0.8934304171652716
551,0.8918947368421045,0.8904138061110908,0.8933756675731183
552,0.891931159420289,0.8904511895967934,0.8934111292437846
553,0.8918752260397822,0.8903938608721347,0.8933565912074297
554,0.8918212996389884,0.8903388275656396,0.8933037717123371
555,0.8918468468468461,0.8903662035604891,0.8933274901332031
556,0.8917841726618698,0.8903010823733452,0.8932672629503945
557,0.891861759425493,0.8903735164470702,0.8933500024039157
558,0.8918207885304653,0.8903330426763074,0.8933085343846232
559,0.8917871198568866,0.8903005718532242,0.8932736678605491
560,0.8917678571428564,0.8902834895384805,0.8932522247472324
561,0.8917736185383237,0.8902918617543847,0.8932553753222627
562,0.8917829181494654,0.8903036932181064,0.8932621430808244
563,0.8917424511545285,0.8902637238409806,0.8932211784680765
564,0.891794326241134,0.8903147162281396,0.8932739362541283
565,0.8918106194690258,0.8903332895251987,0.8932879494128529
566,0.8917438162544162,0.8902632785059044,0.8932243540029281
567,0.8917425044091704,0.8902645835042033,0.8932204253141374
568,0.8916725352112669,0.8901908369082644,0.8931542335142694
569,0.8916414762741645,0.8901611323553654,0.8931218201929635
570,0.8916140350877185,0.8901353134852816,0.8930927566901554
571,0.891579684763572,0.8901020195798686,0.8930573499472754
572,0.8915891608391601,0.8901139693269761,0.8930643523513441
573,0.8916457242582889,0.8901689301851996,0.8931225183313782
574,0.8916480836236925,0.8901738627794896,0.8931223044678954
575,0.891568695652173,0.890088808915985,0.893048582388361
576,0.8915746527777768,0.8900972966190629,0.8930520089364907
577,0.8916048526863075,0.89012887222217,0.8930808331504451
578,0.8916228373702413,0.8901489947379746,0.893096680002508
579,0.8915803108808281,0.8901066523345833,0.8930539694270729
580,0.8915672413793094,0.8900959072132825,0.8930385755453364
581,0.8915731497418234,0.8901043096399924,0.8930419898436545
582,0.8915652920962189,0.8900989020109988,0.893031682181439
583,0.8915094339622632,0.8900414613124066,0.8929774066121199
584,0.8915034246575333,0.8900379255262124,0.8929689237888542
585,0.8914803418803411,0.8900166529689646,0.8929440307917176
586,0.8914607508532415,0.8899990605031733,0.8929224412033097
587,0.8914940374787044,0.8900333807544133,0.8929546942029954
588,0.891498299319727,0.8900401099386421,0.8929564887008119
589,0.8915297113752112,0.8900726982056208,0.8929867245448015
590,0.8915152542372872,0.8900604406617751,0.8929700678127992
591,0.8914788494077825,0.8900247457244814,0.8929329530910837
592,0.8915067567567558,0.8900540821000859,0.8929594314134258
593,0.8914637436762217,0.8900110674698166,0.8929164198826268
594,0.8914713804713795,0.8900210793635943,0.8929216815791647
595,0.891529411764705,0.8900770763343915,0.8929817471950185
596,0.8915385906040261,0.8900885869390578,0.8929885942689944
597,0.8915427135678384,0.8900951230608926,0.8929903040747843
598,0.8914999999999992,0.890052404522668,0.8929475954773304
599,0.8914824707846402,0.8900368889373531,0.8929280526319272
600,0.8914533333333325,0.8900090336175875,0.8928976330490775
601,0.8914242928452571,0.8899812756336891,0.8928673100568252
602,0.8914667774086371,0.8900237499022069,0.8929098049150673
603,0.8914643449419561,0.8900237094118579,0.8929049804720544
604,0.8914768211920522,0.8900383689060151,0.8929152734780893
605,0.8915008264462801,0.8900639848946525,0.8929376679979077
606,0.8915099009900983,0.8900753264838692,0.8929444754963274
607,0.8915057660626022,0.8900735386070578,0.8929379935181466
608,0.8914835526315783,0.89005302214089,0.8929140831222666
