t,media_I_N,ic_low,ic_high,edo_i
0.0,0.0010000000000000007,0.0010000000000000007,0.0010000000000000007,0.001
0.2,0.0010685000000000007,0.001050350251705585,0.0010866497482944163,0.0010617249575649264
0.4,0.0011300000000000004,0.0011049939099279755,0.0011550060900720252,0.0011272479268364134
0.6000000000000001,0.0012055000000000008,0.0011727108537857803,0.0012382891462142213,0.0011968010819650688
0.8,0.001268000000000001,0.001229570675272976,0.0013064293247270259,0.001270630596327071
1.0,0.0013410000000000008,0.0012966584571269125,0.0013853415428730892,0.0013489974617203998
1.2000000000000002,0.0014445000000000005,0.0013950833554976412,0.0014939166445023598,0.0014321783540299868
1.4000000000000001,0.0015400000000000004,0.001482874628476245,0.0015971253715237558,0.0015204665402909574
1.6,0.001654500000000001,0.0015895654037068844,0.0017194345962931177,0.0016141728401608115
1.8,0.001770500000000001,0.001698082142157411,0.0018429178578425911,0.001713626641194682
2.0,0.001862,0.0017836616627156983,0.0019403383372843016,0.0018191769636903832
2.2,0.001987500000000002,0.0019016247224343823,0.0020733752775656212,0.0019311935708956841
2.4000000000000004,0.002123500000000002,0.0020289698527713234,0.002218030147228681,0.002050068144141882
2.6,0.0022590000000000006,0.0021564465406809473,0.002361553459319054,0.002176215534063049
2.8000000000000003,0.0024155000000000027,0.0023054563551663217,0.0025255436448336837,0.002310075048717642
3.0,0.0025584999999999996,0.002439300025726609,0.0026776999742733902,0.0024521118104596285
3.2,0.002691500000000001,0.0025633607334142904,0.002819639266585712,0.002602818183648628
3.4000000000000004,0.0028525000000000004,0.002711806450977909,0.002993193549022092,0.002762715274762534
3.6,0.0030140000000000006,0.0028601563942563996,0.0031678436057436016,0.002932354497241622
3.8000000000000003,0.003178499999999998,0.0030137995044590823,0.003343200495540914,0.0031123191933931133
4.0,0.0033560000000000005,0.0031800630073769384,0.0035319369926230626,0.0033032263196040284
4.2,0.003528999999999999,0.0033435783772504633,0.003714421622749535,0.0035057282556025505
4.4,0.0037610000000000005,0.0035613727732678765,0.003960627226732125,0.003720514636258568
4.6000000000000005,0.003984500000000001,0.003768785793853818,0.004200214206146184,0.003948314265096712
4.800000000000001,0.004211999999999999,0.003986236237231771,0.004437763762768226,0.00418989710299599
5.0,0.004449999999999998,0.004207323335953203,0.004692676664046793,0.0044460763368262355
5.2,0.0047304999999999995,0.004471554883307225,0.004989445116692774,0.004717710516026935
5.4,0.005038,0.0047589461514944194,0.0053170538485055804,0.005005705743636856
5.6000000000000005,0.005361499999999999,0.0050599306828876785,0.00566306931711232,0.005311017910603896
5.800000000000001,0.005686999999999997,0.0053676325115840536,0.00600636748841594,0.005634655032859943
6.0,0.006045499999999997,0.005698966548244401,0.006392033451755593,0.005977679631449671
6.2,0.006429500000000002,0.006056941782210497,0.0068020582177895075,0.006341211129215771
6.4,0.006829999999999999,0.006432725704241751,0.007227274295758247,0.006726428298664798
6.6000000000000005,0.007273999999999992,0.006842286674418646,0.007705713325581338,0.007134571742562013
6.800000000000001,0.007701999999999999,0.007243079142583964,0.008160920857416033,0.007566946391211077
7.0,0.0081745,0.007684771914609899,0.008664228085390099,0.008024923992724751
7.2,0.008719499999999998,0.008195082029181462,0.009243917970818534,0.008509945572592766
7.4,0.009222999999999999,0.008659204664553815,0.009786795335446182,0.009023523853846846
7.6000000000000005,0.0097495,0.009148181199490969,0.01035081880050903,0.00956724567080852
7.800000000000001,0.01030900000000001,0.009674142282767376,0.010943857717232646,0.01014277423442029
8.0,0.010888499999999999,0.01021941741904137,0.011557582580958627,0.010751851310288501
8.200000000000001,0.011579999999999997,0.010868233206391466,0.012291766793608527,0.011396299251818877
8.4,0.012250999999999998,0.011501157314455602,0.013000842685544394,0.01207802284168484
8.6,0.012994000000000006,0.012197625419258782,0.013790374580741229,0.012799010903297967
8.8,0.01375050000000001,0.012905290459337842,0.014595709540662177,0.013561337643430295
9.0,0.014586500000000004,0.013695174855500349,0.01547782514449966,0.01436716368713838
9.200000000000001,0.015441499999999986,0.014499018676416486,0.01638398132358349,0.015218736725786981
9.4,0.016321000000000006,0.01532106356009377,0.017320936439906242,0.016118391688378184
9.600000000000001,0.017287499999999994,0.016219511093759374,0.018355488906240613,0.01706855040505917
9.8,0.018281499999999992,0.017165562011962218,0.019397437988037766,0.01807172072964419
10.0,0.01934550000000001,0.018171961004637735,0.020519038995362282,0.01913049500853022
10.200000000000001,0.020503500000000018,0.01926391484524643,0.021743085154753608,0.020247547711899287
10.4,0.0217095,0.020400326401657995,0.023018673598342004,0.021425632182223705
10.600000000000001,0.022953500000000005,0.021573852660102363,0.024333147339897648,0.02266757645666318
10.8,0.024332999999999997,0.022871308266543357,0.025794691733456637,0.023976278119942497
11.0,0.025695499999999993,0.024165589902825673,0.027225410097174312,0.025354698144298825
11.200000000000001,0.027256500000000013,0.025636124792431183,0.028876875207568844,0.02680585318744172
11.4,0.028832499999999994,0.027121825984433745,0.030543174015566242,0.028332806125737492
11.600000000000001,0.030464,0.02866201718281316,0.032265982817186845,0.029938655806805936
11.8,0.032264,0.03037081434885051,0.03415718565114949,0.03162652480205481
12.0,0.03401450000000002,0.03200827528792512,0.03602072471207492,0.03339954540117909
12.200000000000001,0.035832499999999996,0.03373198241617039,0.0379330175838296,0.035260843612437115
12.4,0.037849999999999995,0.035655671515374056,0.040044328484625934,0.03721352118405705
12.600000000000001,0.03995699999999999,0.03764703260605087,0.04226696739394911,0.03926063566225609
12.8,0.04206850000000003,0.039653705655786554,0.044483294344213505,0.04140517849271945
13.0,0.044315000000000014,0.04179075947052187,0.04683924052947816,0.04365005036467484
13.200000000000001,0.04665250000000001,0.044006745570278546,0.04929825442972148,0.045998034166750794
13.4,0.04911249999999998,0.04635100926905465,0.05187399073094531,0.04845176620327982
13.600000000000001,0.05163400000000001,0.04874950102384404,0.05451849897615599,0.05101370473393407
13.8,0.0543015,0.05129752618299972,0.05730547381700028,0.05368609622725916
14.0,0.05723350000000001,0.054085227649735605,0.06038177235026441,0.0564709394326959
14.200000000000001,0.0599565,0.05668139794199521,0.0632316020580048,0.05936994751358913
14.4,0.06295649999999996,0.05954160344195161,0.0663713965580483,0.06238450844736051
14.600000000000001,0.0660905,0.06254002798848862,0.06964097201151137,0.06551564350418157
14.8,0.06920799999999999,0.06550942699564094,0.07290657300435904,0.06876396469660512
15.0,0.0725355,0.06871812334522011,0.0763528766547799,0.07212963139870783
15.200000000000001,0.07583300000000001,0.07188636944367309,0.07977963055632693,0.0756123064900524
15.4,0.07937299999999999,0.07530544248755536,0.08344055751244461,0.07921111266493114
15.600000000000001,0.08293049999999998,0.07873800084335655,0.0871229991566434,0.08292458953587799
15.8,0.08647950000000003,0.0821610601233091,0.09079793987669096,0.08675065218038873
16.0,0.09020249999999998,0.08577113847188775,0.0946338615281122,0.09068655184045768
16.2,0.09414900000000002,0.08960370094599228,0.09869429905400777,0.09472883968209612
16.400000000000002,0.09810950000000003,0.09345892697693053,0.10276007302306953,0.09887333440492171
16.6,0.10214250000000001,0.09737545840216832,0.1069095415978317,0.10311509451798918
16.8,0.10624349999999992,0.10136138679242795,0.11112561320757189,0.10744839630928618
17.0,0.11049199999999999,0.10552684195533063,0.11545715804466936,0.11186671836989935
17.2,0.11473949999999995,0.10969842250478803,0.11978057749521187,0.11636273343252287
17.400000000000002,0.11898699999999994,0.11385879596122968,0.1241152040387702,0.12092830828374035
17.6,0.1232535,0.11803694628521336,0.12847005371478665,0.12555451265343098
17.8,0.1274830000000001,0.12221006938256876,0.13275593061743143,0.13023163778314178
18.0,0.13191399999999998,0.12659486311877313,0.13723313688122682,0.1349492246631961
18.2,0.13630699999999996,0.13092388251022016,0.14169011748977975,0.13969610269424618
18.400000000000002,0.14074399999999998,0.13533585494237527,0.1461521450576247,0.14446043880408294
18.6,0.14511100000000007,0.1396741552765757,0.15054784472342445,0.14922979681752258
18.8,0.14939899999999998,0.14395666293818002,0.15484133706181993,0.15399120675020977
19.0,0.1538035,0.14837361140151248,0.15923338859848754,0.1587312436970553
19.200000000000003,0.15815749999999995,0.15274129178724136,0.16357370821275855,0.1634361158267097
19.400000000000002,0.16251200000000002,0.15713585336556243,0.1678881466344376,0.16809175946397392
19.6,0.16667599999999994,0.16132824464652176,0.1720237553534781,0.17268394115053462
19.8,0.17078450000000003,0.16549415593058014,0.17607484406941992,0.17719836492274585
20.0,0.17486149999999992,0.1696265628600765,0.18009643713992335,0.1816207832290499
20.200000000000003,0.17888549999999984,0.17370848111198686,0.1840625188880128,0.18593710983480957
20.400000000000002,0.18270250000000007,0.1775982617508429,0.18780673824915725,0.1901335329926726
20.6,0.186414,0.18142959283428106,0.19139840716571893,0.19419662718418454
20.8,0.19012399999999993,0.1852366353731755,0.19501136462682436,0.19811346173571467
21.0,0.19385350000000007,0.1890632517738973,0.19864374822610284,0.20187170433937493
21.200000000000003,0.19735050000000015,0.19269457415205304,0.20200642584794726,0.2054597179155245
21.400000000000002,0.20053999999999994,0.19603150051878804,0.20504849948121184,0.20886664967124932
21.6,0.20354399999999992,0.19919431937498905,0.2078936806250108,0.2120825106575145
21.8,0.20640249999999985,0.2022133332480989,0.2105916667519008,0.21509824496831698
22.0,0.20924399999999996,0.20524375126068922,0.2132442487393107,0.21790578780763672
22.200000000000003,0.21197299999999994,0.20811948431224145,0.21582651568775843,0.22049811169427733
22.400000000000002,0.21435899999999986,0.21067145737421794,0.21804654262578177,0.2228692600816011
22.6,0.21659750000000003,0.2130813680089951,0.22011363199100495,0.2250143688597174
22.8,0.21856699999999993,0.21520515545526414,0.22192884454473571,0.2269296762548058
23.0,0.22045650000000003,0.21729134958751944,0.2236216504124806,0.22861252008518065
23.200000000000003,0.22211400000000012,0.21910457522526597,0.22512342477473427,0.23006132422466122
23.400000000000002,0.22350299999999992,0.22064332580257232,0.22636267419742753,0.23127557449427835
23.6,0.22465550000000006,0.2219552863196769,0.22735571368032323,0.23225578501516828
23.8,0.22567250000000003,0.22313660784556408,0.22820839215443597,0.23300345599650274
24.0,0.226281,0.22391707936483848,0.22864492063516154,0.2335210239333204
24.200000000000003,0.22666499999999995,0.2244358409445104,0.2288941590554895,0.23381180547586078
24.400000000000002,0.22692800000000005,0.2248626492992273,0.22899335070077279,0.23387993634426346
24.6,0.2272415,0.2252779106706596,0.22920508932934042,0.23373030597216699
24.8,0.22722650000000022,0.2253805256024304,0.22907247439757003,0.23336848943460634
25.0,0.22714000000000012,0.22539683101670166,0.22888316898329858,0.23280067753251893
25.200000000000003,0.226699,0.2250204534040591,0.22837754659594092,0.2320336060166904
25.400000000000002,0.2261734999999999,0.2245247727989627,0.22782222720103706,0.2310744849347847
25.6,0.22551649999999998,0.22385965677007894,0.22717334322992103,0.2299309290851036
25.8,0.2244349999999998,0.22275035981227795,0.22611964018772165,0.2286108903270912
26.0,0.22344450000000002,0.22171516473870342,0.2251738352612966,0.22712259149522207
26.200000000000003,0.22211500000000003,0.2203356340809459,0.22389436591905418,0.22547446391151313
26.400000000000002,0.22068349999999984,0.21883279075011333,0.22253420924988634,0.22367508786510104
26.6,0.21901600000000002,0.21708681396132085,0.2209451860386792,0.22173313675534362
26.8,0.21746349999999978,0.21542230601261111,0.21950469398738845,0.2196573251082357
27.0,0.21577699999999994,0.21362505481568383,0.21792894518431605,0.2174563605771266
27.200000000000003,0.21368950000000012,0.21144726292402585,0.21593173707597438,0.2151389000498669
27.400000000000002,0.2115880000000001,0.20925487829377756,0.21392112170622266,0.21271350998451405
27.6,0.209491,0.20706707575748737,0.21191492424251265,0.21018863087404344
27.8,0.2073525000000001,0.2048331872533103,0.20987181274668992,0.20757254544309156
28.0,0.20509649999999993,0.20249310774157855,0.2076998922584213,0.20487335110285268
28.200000000000003,0.20269450000000003,0.19998479373698058,0.20540420626301947,0.20209893591606826
28.400000000000002,0.20011050000000016,0.19731362639569133,0.202907373604309,0.19925695818289663
28.6,0.19755400000000006,0.19468316096626437,0.20042483903373576,0.1963548294169494
28.8,0.19483100000000003,0.19189221571936058,0.1977697842806395,0.193399700446553
29.0,0.1922124999999999,0.18919102141568073,0.19523397858431907,0.19039845037637837
29.200000000000003,0.18944349999999996,0.1863456288118292,0.19254137118817072,0.1873576781494588
29.400000000000002,0.186654,0.18349895907364536,0.18980904092635462,0.18428369675160122
29.6,0.1837609999999999,0.18053524140108948,0.1869867585989103,0.18118252962912657
29.8,0.18088899999999997,0.17761787873369766,0.18416012126630227,0.17805990896237572
30.0,0.1779455,0.17462437261746017,0.18126662738253985,0.17492127580910946
30.200000000000003,0.17508700000000002,0.17172491360527564,0.1784490863947244,0.17177178184072292
30.400000000000002,0.17218899999999998,0.16879895208807472,0.17557904791192525,0.16861629251074728
30.6,0.16917900000000002,0.16575541615173292,0.17260258384826713,0.16545939144454677
30.8,0.16621699999999998,0.16276191717036173,0.16967208282963822,0.16230538583912257
31.0,0.16321150000000004,0.15972879869361173,0.16669420130638835,0.1591583126619322
31.200000000000003,0.16023549999999998,0.1567484651556416,0.16372253484435836,0.1560219456802646
31.400000000000002,0.1571955,0.15369730018550096,0.16069369981449902,0.15289980335119052
31.6,0.1541440000000001,0.15062866498297497,0.1576593350170252,0.14979515680291441
31.8,0.15120299999999998,0.1476890370680692,0.15471696293193074,0.14671103843368974
32.0,0.1481055,0.14460769544167523,0.15160330455832477,0.14365025073722465
32.2,0.14519399999999993,0.14169963555007964,0.14868836444992023,0.14061537534170793
32.4,0.14235399999999998,0.13886303685479026,0.1458449631452097,0.13760878218807554
32.6,0.13939099999999993,0.13594357349434164,0.14283842650565823,0.13463263877296652
32.800000000000004,0.13648300000000002,0.13303777887603419,0.13992822112396586,0.13168891938182037
33.0,0.13348599999999997,0.130070715651685,0.13690128434831494,0.1287794142375632
33.2,0.130588,0.12720661984564577,0.13396938015435425,0.12590573849033387
33.4,0.12773399999999993,0.12439313102261233,0.13107486897738754,0.123069341089254
33.6,0.12492300000000006,0.12162514360151755,0.12822085639848257,0.12027151378870012
33.800000000000004,0.12225599999999993,0.1189969464501172,0.12551505354988268,0.11751339947452542
34.0,0.11951599999999994,0.11628314571699859,0.1227488542830013,0.11479600052515346
34.2,0.11678600000000003,0.11359945662697729,0.11997254337302277,0.11212018692397714
34.4,0.11407850000000003,0.11091691219555211,0.11724008780444795,0.10948670408365377
34.6,0.11144049999999997,0.1083150040989152,0.11456599590108474,0.10689618038905105
34.800000000000004,0.10882649999999998,0.10573984676967085,0.1119131532303291,0.10434913446227684
35.0,0.10628799999999998,0.10324003445113077,0.1093359655488692,0.1018459821532192
35.2,0.10373850000000007,0.10074448351973549,0.10673251648026465,0.09938704325902743
35.4,0.10122050000000009,0.09826889036688796,0.10417210963311221,0.09697254797596415
35.6,0.09869949999999998,0.0957925317788329,0.10160646822116706,0.09460264308705568
35.800000000000004,0.09637700000000005,0.09350884101452411,0.09924515898547598,0.09227739788897284
36.0,0.09400199999999996,0.09118976249336255,0.09681423750663737,0.08999680970902836
36.2,0.09180999999999999,0.08902199582286398,0.094598004177136,0.08776080912562065
36.4,0.0896235,0.08687708157936984,0.09236991842063015,0.08556926518873996
36.6,0.08741849999999995,0.08471131028400837,0.09012568971599154,0.08342199017761684
36.800000000000004,0.08522899999999999,0.08256689037897312,0.08789110962102685,0.08131874417056681
37.0,0.08311,0.08049108097111454,0.08572891902888546,0.07925923935341113
37.2,0.08105999999999997,0.07849058774011776,0.08362941225988217,0.07724314408258331
37.4,0.0790255,0.0765132146230615,0.0815377853769385,0.07527008671916625
37.6,0.0770365,0.07457139729055363,0.07950160270944635,0.07333965925010157
37.800000000000004,0.075095,0.07267301593508695,0.07751698406491304,0.07145142071281713
38.0,0.07324049999999999,0.07085525286379936,0.07562574713620061,0.06960490043951476
38.2,0.07138800000000002,0.06904325584086814,0.0737327441591319,0.06779960113734965
38.400000000000006,0.06960599999999999,0.0673078291717741,0.07190417082822588,0.06603500166192529
38.6,0.06782299999999998,0.06556439805893426,0.0700816019410657,0.06431055958285749
38.800000000000004,0.06603049999999998,0.06382761825137688,0.06823338174862308,0.06262571380377176
39.0,0.06426749999999998,0.06211265453476262,0.06642234546523733,0.06097988685807833
39.2,0.06256349999999995,0.06046157339773111,0.06466542660226879,0.05937248709611684
39.400000000000006,0.06099949999999998,0.058940180968798,0.06305881903120196,0.05780291071754106
39.6,0.059479999999999984,0.05746440986287776,0.061495590137122205,0.056270543660666694
39.800000000000004,0.05797300000000001,0.05599498245878943,0.05995101754121059,0.054774763360507295
40.0,0.05644050000000002,0.05451391448799472,0.05836708551200532,0.05331494038722335
40.2,0.054927000000000004,0.05304426148423662,0.05680973851576339,0.05189043997670745
40.400000000000006,0.053439999999999974,0.05159912298404067,0.055280877015959275,0.05050062346503177
40.6,0.0520355,0.05024161153560533,0.05382938846439467,0.049144849629862104
40.800000000000004,0.05062049999999999,0.04886420247887149,0.0523767975211285,0.04782247581218611
41.0,0.049197,0.047474947846704606,0.05091905215329539,0.04653285906529088
41.2,0.04780499999999999,0.046127833044062504,0.04948216695593748,0.04527535720178259
41.400000000000006,0.046529499999999974,0.04488840282445275,0.0481705971755472,0.044049329733649056
41.6,0.045176000000000015,0.043583253488532564,0.046768746511467466,0.04285413874265476
41.800000000000004,0.04388699999999999,0.042332036779529965,0.04544196322047001,0.04168914967346647
42.0,0.04266549999999997,0.041148346415767874,0.04418265358423206,0.04055373205611726
42.2,0.04152449999999999,0.04003968805823262,0.04300931194176737,0.03944726016441516
42.400000000000006,0.0403715,0.038918591576299524,0.04182440842370047,0.03836911361690541
42.6,0.03929500000000001,0.03787794327799387,0.04071205672200615,0.03731867792699241
42.800000000000004,0.038212499999999996,0.036834049252166615,0.03959095074783338,0.03629534500882948
43.0,0.03719150000000001,0.035844188277918514,0.038538811722081505,0.03529851362398511
43.2,0.036253,0.0349404780635225,0.037565521936477504,0.0343275897246668
43.400000000000006,0.03520899999999999,0.03392472120609143,0.036493278793908554,0.033381986848842665
43.6,0.03422399999999999,0.03297774347100403,0.03547025652899595,0.0324611264220367
43.800000000000004,0.0332645,0.032048769405949834,0.03448023059405017,0.0315644380328573
44.0,0.032318999999999994,0.03112693498107474,0.03351106501892525,0.03069135967221437
44.2,0.03143450000000001,0.03027326593775019,0.03259573406224983,0.029841337937922804
44.400000000000006,0.030539999999999998,0.029405129105953942,0.03167487089404605,0.029013828207966275
44.6,0.029682499999999976,0.0285760657806833,0.030788934219316652,0.028208294785693123
44.800000000000004,0.028855500000000003,0.02777530664609536,0.029935693353904645,0.02742421102021754
45.0,0.028044000000000006,0.026996468241021126,0.029091531758978887,0.02666105940529901
45.2,0.027236999999999987,0.026220866685778006,0.028253133314221968,0.02591833165997209
45.400000000000006,0.026486999999999997,0.02549951437297054,0.027474485627029453,0.025195528792076927
45.6,0.025727499999999986,0.024771687451366427,0.026683312548633546,0.024492161103372746
45.800000000000004,0.024971499999999994,0.02403926364535127,0.025903736354648717,0.023807748216919652
46.0,0.02424949999999999,0.023338598252744213,0.025160401747255767,0.02314181908301356
46.2,0.023575500000000017,0.02269254188045402,0.024458458119546014,0.022493911961212365
46.400000000000006,0.0229115,0.02205245325106783,0.023770546748932173,0.021863574393734698
46.6,0.022285500000000003,0.02144244168606736,0.023128558313932648,0.021250363165175774
46.800000000000004,0.021682499999999983,0.02086483235482383,0.022500167645176136,0.0206538442498464
47.0,0.021066500000000002,0.020272135540174614,0.02186086445982539,0.020073592748041127
47.2,0.020483499999999998,0.0197048104737283,0.021262189526271697,0.019509192812540693
47.400000000000006,0.019902000000000003,0.019148302589958244,0.02065569741004176,0.018960237566655342
47.6,0.019304500000000006,0.018568954115313115,0.020040045884686896,0.018426329015114068
47.800000000000004,0.018759500000000005,0.01804464298211593,0.01947435701788408,0.01790707794910596
48.0,0.01823200000000001,0.017531464305680713,0.018932535694319304,0.017402103846779454
48.2,0.01770800000000001,0.017019660301421758,0.01839633969857826,0.0169110347705049
48.400000000000006,0.017187499999999998,0.01651180333117946,0.017863196668820535,0.01643350726220677
48.6,0.016706499999999992,0.016048312232542158,0.017364687767457827,0.015969166214900608
48.800000000000004,0.0162525,0.015611540664895921,0.01689345933510408,0.015517664727759154
49.0,0.015766500000000003,0.015140527340493424,0.016392472659506583,0.01507866401939455
49.2,0.015344500000000004,0.014733600052818853,0.015955399947181155,0.014651833289693723
49.400000000000006,0.014905500000000006,0.014306923333635892,0.015504076666364119,0.014236849589732866
49.6,0.014492999999999995,0.013913177588563079,0.015072822411436912,0.01383339769042965
49.800000000000004,0.014087500000000005,0.013518874389006556,0.014656125610993453,0.01344116994999901
50.0,0.013716499999999994,0.013160397682034716,0.014272602317965273,0.013059866180407198
50.2,0.013348500000000001,0.012808195231295732,0.01388880476870427,0.012689193513018341
50.400000000000006,0.012949000000000002,0.0124181724959012,0.013479827504098804,0.01232886626362851
50.6,0.012592999999999991,0.012073701053285743,0.01311229894671424,0.011978605797081519
50.800000000000004,0.012226000000000004,0.011723813129931858,0.01272818687006815,0.011638140391661198
51.0,0.011899499999999999,0.011407470034132632,0.012391529965867365,0.011307205103454804
51.2,0.011569499999999995,0.011089239833013596,0.012049760166986393,0.010985541630881904
51.400000000000006,0.011246499999999998,0.01077864155640023,0.011714358443599766,0.010672898179583588
51.6,0.0109225,0.010467134539263793,0.011377865460736207,0.010369029327866385
51.800000000000004,0.010615999999999999,0.010170931899790302,0.011061068100209695,0.010073695892895515
52.0,0.010316999999999998,0.009883502754288604,0.010750497245711392,0.00978666479783219
52.2,0.010001499999999995,0.009580362443400891,0.010422637556599099,0.009507708940109291
52.400000000000006,0.009732500000000003,0.00931766793573201,0.010147332064267997,0.009236607061866834
52.6,0.009445000000000004,0.009040381704944447,0.00984961829505556,0.00897314362709795
52.800000000000004,0.009190499999999997,0.008796771693290045,0.00958422830670995,0.008717108688243217
53.0,0.0089045,0.008520534109142018,0.00928846589085798,0.008468297763054322
53.2,0.008627999999999999,0.008254066551031652,0.009001933448968345,0.008226511710001477
53.400000000000006,0.008394000000000002,0.008028912583604173,0.008759087416395831,0.007991556604980755
53.6,0.008136499999999998,0.007780859852289777,0.00849214014771022,0.00776324362039964
53.800000000000004,0.007901000000000002,0.007557075370702321,0.008244924629297682,0.0075413889065132165
54.0,0.007690000000000002,0.007354720758581905,0.0080252792414181,0.007325813474883361
54.2,0.007445000000000007,0.007116111832628806,0.0077738881673712085,0.0071163430838330505
54.400000000000006,0.007235,0.006912389485407968,0.007557610514592032,0.0069128081257683275
54.6,0.0070145,0.0067009084086706566,0.007328091591329343,0.006715043516240034
54.800000000000004,0.006815500000000001,0.006508904093832903,0.0071220959061671,0.006522888584617689
55.0,0.006628500000000001,0.006328129541229334,0.0069288704587706675,0.006336186966247903
55.2,0.006447499999999996,0.006157436975991823,0.006737563024008169,0.006154786495969439
55.400000000000006,0.006250000000000001,0.0059661092833708535,0.006533890716629149,0.005978539102857439
55.6,0.006064500000000007,0.005784190843178035,0.00634480915682198,0.00580730070606896
55.800000000000004,0.005903500000000001,0.005631399376409458,0.006175600623590544,0.005640931115509297
56.0,0.005740500000000001,0.005473569880198135,0.006007430119801867,0.00547929395223531
56.2,0.005563499999999999,0.00530381271212213,0.005823187287877868,0.005322256535275693
56.400000000000006,0.0054155,0.005158217007199065,0.0056727829928009356,0.005169689792192385
56.6,0.005270499999999999,0.005022102073575325,0.005518897926424673,0.005021468167648287
56.800000000000004,0.005121000000000001,0.004880712137521389,0.005361287862478614,0.0048774695329542326
57.0,0.004963000000000004,0.004728004653208884,0.005197995346791124,0.004737575098068694
57.2,0.004833499999999999,0.004606017250869924,0.005060982749130074,0.004601669325888936
57.400000000000006,0.004719000000000001,0.004496994404673134,0.004941005595326868,0.004469639848672642
57.6,0.004585499999999999,0.004371475962967397,0.004799524037032601,0.004341377386428733
57.800000000000004,0.0044635,0.004253341992329012,0.004673658007670987,0.0042167756671162996
58.0,0.004334000000000001,0.004131599101988872,0.00453640089801113,0.0040957313484905385
58.2,0.004219999999999999,0.004023658397343934,0.004416341602656064,0.00397814394143445
58.400000000000006,0.004091499999999997,0.0039008553262072166,0.0042821446737927775,0.003863915734615282
58.6,0.003948,0.0037628400762665867,0.0041331599237334135,0.003752951720304459
58.800000000000004,0.0038485000000000012,0.0036682436735399012,0.004028756326460101,0.003645159521199924
59.0,0.0037395000000000006,0.0035650338075674105,0.00391396619243259,0.003540449318089766
59.2,0.003613000000000001,0.003443658093832362,0.0037823419061676403,0.0034387337834815073
59.400000000000006,0.003523,0.0033563660806504715,0.0036896339193495287,0.0033399280304602062
59.6,0.0034110000000000017,0.0032508841800064914,0.003571115819993512,0.0032439495305349574
59.800000000000004,0.0033120000000000007,0.0031565043886018925,0.003467495611398109,0.0031507180551864455
60.0,0.003218999999999998,0.0030659564594890144,0.0033720435405109814,0.0030601556140914922
60.2,0.0031215000000000006,0.002972293578050853,0.0032707064219491483,0.0029721863945046303
60.400000000000006,0.003039999999999999,0.002892889839446927,0.0031871101605530708,0.002886736702460292
60.6,0.0029390000000000015,0.002794396527358733,0.00308360347264127,0.0028037349056693594
60.800000000000004,0.0028475000000000015,0.002707460750046269,0.002987539249953734,0.0027231113779839443
61.0,0.0027620000000000023,0.0026236409398166316,0.002900359060183373,0.0026447984453042534
61.2,0.002681000000000003,0.002545864480040397,0.0028161355199596088,0.0025687303328012973
61.400000000000006,0.0026005000000000012,0.002469654144004339,0.0027313458559956633,0.0024948431133293677
61.6,0.0025410000000000003,0.0024137681542549623,0.0026682318457450383,0.0024230746569020283
61.800000000000004,0.0024615000000000006,0.0023355533272495757,0.0025874466727504254,0.0023533645811055007
62.0,0.0023890000000000014,0.002266744847785131,0.0025112551522148718,0.0022856542023232786
62.2,0.002322500000000002,0.0022037915255018943,0.00244120847449811,0.002219886487645758
62.400000000000006,0.0022820000000000015,0.0021642723610135204,0.0023997276389864826,0.00215600600850104
62.6,0.002205500000000001,0.0020908293063819374,0.0023201706936180643,0.002093958906262185
62.800000000000004,0.0021250000000000015,0.002013811175488331,0.002236188824511672,0.0020336928416680305
63.0,0.002060000000000002,0.0019504555571871268,0.0021695444428128773,0.001975156953133452
63.2,0.0019955000000000025,0.0018889826277175275,0.0021020173722824777,0.001918301816649845
63.400000000000006,0.0019350000000000005,0.0018305345521592833,0.002039465447840718,0.0018630794057042433
63.6,0.0018675000000000013,0.0017663495011517472,0.0019686504988482554,0.0018094430524799802
63.800000000000004,0.001805000000000001,0.001707560941528202,0.0019024390584718,0.0017573474102497498
64.0,0.0017480000000000013,0.001654050618713519,0.0018419493812864836,0.0017067484168719201
64.2,0.0017040000000000009,0.0016130318620151724,0.0017949681379848294,0.001657603259300887
64.4,0.0016645000000000015,0.0015748075619772955,0.0017541924380227074,0.0016098703390223582
64.60000000000001,0.001619000000000001,0.0015326883412806762,0.001705311658719326,0.0015635092383243542
64.8,0.001568500000000001,0.0014846435964957132,0.001652356403504289,0.0015184806873147934
65.0,0.0015250000000000007,0.0014427889134583977,0.0016072110865416038,0.0014747465315964655
65.2,0.0014800000000000004,0.0013994305097258255,0.0015605694902741754,0.001432269700510278
65.4,0.0014450000000000005,0.0013652012066982246,0.0015247987933017764,0.0013910141758575446
65.60000000000001,0.001402500000000001,0.0013250916410260508,0.001479908358973951,0.0013509449616344105
65.8,0.0013600000000000007,0.001284540212870296,0.0014354597871297054,0.0013120280614768594
66.0,0.0013220000000000011,0.0012470447924755464,0.0013969552075244558,0.0012742304463841977
66.2,0.0012840000000000004,0.001210755202868383,0.0013572447971316177,0.001237520027422412
66.4,0.0012605000000000006,0.001188690473534886,0.001332309526465115,0.0012018656298400845
66.60000000000001,0.0012245000000000003,0.001154375616905887,0.0012946243830941136,0.0011672369671477383
66.8,0.0011960000000000002,0.0011280214834027082,0.0012639785165972923,0.0011336046160552579
67.0,0.0011665000000000009,0.001100498642456942,0.0012325013575430598,0.0011009399922071047
67.2,0.0011365000000000012,0.0010704853208252344,0.001202514679174768,0.001069215326655086
67.4,0.0011045000000000015,0.0010398897133041323,0.0011691102866958707,0.0010384036430083616
67.60000000000001,0.0010665000000000013,0.0010049411098416643,0.0011280588901583382,0.0010084787352004478
67.8,0.0010325000000000013,0.0009729800965343963,0.0010920199034656062,0.0009794151458129379
68.0,0.0009965000000000009,0.000936727181322585,0.0010562728186774167,0.0009511881448956529
68.2,0.0009680000000000005,0.0009094095249607782,0.0010265904750392228,0.0009237737092229854
68.4,0.0009380000000000004,0.0008805410597750294,0.0009954589402249713,0.0008971485019261165
68.60000000000001,0.0009125000000000001,0.0008552560965799713,0.0009697439034200289,0.0008712898524408732
68.8,0.0008850000000000003,0.0008283426131741507,0.0009416573868258498,0.0008461757369835229
69.0,0.0008625000000000005,0.000806524649692282,0.000918475350307719,0.0008217847641164433
69.2,0.0008345000000000003,0.0007799002334020659,0.0008890997665979346,0.0007980961545449592
69.4,0.0008100000000000001,0.0007556440991725711,0.0008643559008274291,0.000775089723226836
69.60000000000001,0.0007885000000000001,0.000735303666524509,0.0008416963334754913,0.0007527458629944147
69.8,0.0007645,0.0007113271810313493,0.0008176728189686507,0.0007310455279880879
70.0,0.0007374999999999997,0.0006865311582522632,0.0007884688417477361,0.0007099702176535168
70.2,0.000719,0.0006684942362703892,0.0007695057637296109,0.0006895019612629256
70.4,0.0006890000000000005,0.0006387580182821986,0.0007392419817178024,0.0006696233029207498
70.60000000000001,0.0006675000000000006,0.0006188959200477771,0.000716104079952224,0.0006503172870139776
70.8,0.0006455000000000007,0.0005981821789827856,0.0006928178210172158,0.0006315674440674832
71.0,0.0006265000000000006,0.0005801063419535434,0.0006728936580464579,0.0006133577769646625
71.2,0.0006050000000000004,0.0005585795511706408,0.00065142044882936,0.0005956727474936954
71.4,0.0005905000000000004,0.0005450613320496765,0.0006359386679503243,0.0005784972631797272
71.60000000000001,0.0005695000000000001,0.0005254678525814845,0.0006135321474185157,0.0005618166643632932
71.8,0.0005545000000000001,0.0005107215403191959,0.0005982784596808043,0.0005456167114852967
72.0,0.0005409999999999999,0.0004976613455062186,0.0005843386544937812,0.0005298835725411295
72.2,0.0005210000000000001,0.0004784026283293378,0.0005635973716706623,0.0005146038131256356
72.4,0.0005035000000000001,0.00046104536100949583,0.0005459546389905045,0.0004997643856347741
72.60000000000001,0.00048350000000000037,0.0004431842831673416,0.0005238157168326592,0.0004853526163211023
72.8,0.00047000000000000037,0.00042999514018485994,0.0005100048598151408,0.00047135619542178247
73.0,0.00045550000000000034,0.00041697069717811354,0.0004940293028218871,0.00045776316662684007
73.2,0.0004390000000000003,0.00040207392285557947,0.00047592607714442116,0.0004445619169174347
73.4,0.0004285000000000001,0.00039158483893247617,0.00046541516106752407,0.0004317411667484798
73.60000000000001,0.0004180000000000002,0.00038075855170309703,0.00045524144829690334,0.00041928996054997993
73.8,0.0004020000000000003,0.000365683012205707,0.0004383169877942936,0.00040719765752143605
74.0,0.00038950000000000025,0.0003531712440207133,0.0004258287559792872,0.00039545392269366847
74.2,0.0003790000000000002,0.00034213217928113387,0.00041586782071886656,0.0003840487182324259
74.4,0.0003650000000000001,0.00032909453946819287,0.0004009054605318073,0.0003729722949581169
74.60000000000001,0.0003585000000000002,0.0003234614153056102,0.0003935385846943902,0.0003622151840560327
74.8,0.00034550000000000016,0.0003114077731760418,0.00037959222682395854,0.00035176818895141086
75.0,0.00033700000000000017,0.00030355844455983615,0.0003704415554401642,0.0003416223773236907
75.2,0.00032350000000000017,0.00029101681287667077,0.00035598318712332956,0.0003317690732343271
75.4,0.0003135000000000002,0.0002812371314689049,0.00034576286853109546,0.000322199849515531
75.60000000000001,0.00030200000000000013,0.00026969831600041243,0.00033430168399958783,0.00031290652267012214
75.8,0.0002990000000000002,0.00026642632808974694,0.0003315736719102535,0.00030388114450396846
76.0,0.0002965000000000001,0.0002627945668972935,0.0003302054331027067,0.00029511599526960673
76.2,0.0002880000000000001,0.0002554692488243722,0.000320530751175628,0.000286603577341482
76.4,0.00027900000000000017,0.00024698298748122925,0.0003110170125187711,0.0002783366087675299
76.60000000000001,0.00027050000000000007,0.00023937402471342975,0.0003016259752865704,0.0002703080170498488
76.80000000000001,0.00026250000000000015,0.00023113512341090502,0.0002938648765890953,0.0002625109331381635
77.0,0.00025450000000000017,0.0002235945344524212,0.00028540546554757913,0.0002549386856197879
77.2,0.00024300000000000016,0.00021238955548415884,0.0002736104445158415,0.0002475847950897903
77.4,0.0002355000000000001,0.00020565274421956235,0.0002653472557804379,0.00024044296868507432
77.60000000000001,0.00022900000000000012,0.00019972478018329102,0.00025827521981670924,0.00023350709476607198
77.80000000000001,0.00021850000000000005,0.00019092669274062328,0.0002460733072593768,0.00022677123772976249
78.0,0.00021099999999999998,0.00018415518779394077,0.00023784481220605919,0.00022022963293772026
78.2,0.00020399999999999997,0.00017777935274466131,0.00023022064725533863,0.00021387668174289653
78.4,0.00019850000000000005,0.0001723301717048193,0.0002246698282951808,0.00020770694659884674
78.60000000000001,0.00018900000000000007,0.00016323227370568892,0.00021476772629431122,0.00020171514623510163
78.80000000000001,0.0001825000000000001,0.00015685970600253475,0.00020814029399746545,0.0001958961509030016
79.0,0.00017600000000000005,0.00015079000391622359,0.00020120999608377651,0.0001902449792264299
79.2,0.00017400000000000003,0.00014902362231215097,0.00019897637768784908,0.00018475679363890232
79.4,0.000167,0.0001420678653993131,0.0001919321346006869,0.00017942689559385193
79.60000000000001,0.00015999999999999993,0.00013574763756689373,0.00018425236243310613,0.00017425072192451312
79.80000000000001,0.00015199999999999995,0.00012946154893868657,0.00017453845106131334,0.00016922384088782755
80.0,0.0001454999999999999,0.00012353955278652975,0.00016746044721347006,0.00016434194835338674
80.2,0.00014249999999999994,0.00012086948365434293,0.00016413051634565695,0.00015960086412724055
80.4,0.0001399999999999999,0.00011880005569297172,0.0001611999443070281,0.00015499652840040746
80.60000000000001,0.00013649999999999993,0.00011547696072222461,0.00015752303927777525,0.00015052499831190945
80.80000000000001,0.00013299999999999993,0.00011230802707640627,0.0001536919729235936,0.00014618244461616825
81.0,0.00013249999999999991,0.00011172191494335714,0.00015327808505664268,0.0001419651484445908
81.2,0.0001319999999999999,0.00011113639236881635,0.00015286360763118345,0.00013786949815117346
81.4,0.00013099999999999993,0.00010992068553151941,0.00015207931446848045,0.00013389198623196005
81.60000000000001,0.00012899999999999988,0.0001077728818755819,0.00015022711812441786,0.0001300292063081778
81.80000000000001,0.0001234999999999999,0.0001026730689159846,0.00014432693108401524,0.00012627785016288665
82.0,0.00011949999999999988,9.945134194339395e-05,0.00013954865805660582,0.00012263470482097073
82.2,0.0001149999999999999,9.61027114369598e-05,0.00013389728856304,0.00011909664966230117
82.4,0.00011199999999999988,9.332060135590152e-05,0.00013067939864409823,0.00011566065359484407
82.60000000000001,0.00011149999999999988,9.284061899817266e-05,0.0001301593810018271,0.00011232377352193482
82.80000000000001,0.00010899999999999988,9.076365409922484e-05,0.00012723634590077493,0.00010908315129512554
83.0,0.00010399999999999987,8.61070984791902e-05,0.00012189290152080955,0.00010593601095151438
83.2,0.00010149999999999987,8.384691909963675e-05,0.00011915308090036298,0.00010287965658005924
83.4,9.649999999999987e-05,7.935797073276062e-05,0.00011364202926723911,9.991146997201711e-05
83.60000000000001,9.29999999999999e-05,7.540054841543279e-05,0.00011059945158456701,9.7028908359712e-05
83.80000000000001,9.199999999999989e-05,7.446450719584931e-05,0.00010953549280415047,9.422950223741746e-05
84.0,8.74999999999999e-05,7.108231278835057e-05,0.00010391768721164924,9.151085325813458e-05
84.2,8.599999999999991e-05,6.987640354040196e-05,0.00010212359645959786,8.887063220004688e-05
84.4,8.449999999999993e-05,6.837291960081995e-05,0.0001006270803991799,8.630657699643732e-05
84.60000000000001,8.049999999999992e-05,6.520627270544507e-05,9.579372729455478e-05,8.381649082284592e-05
84.80000000000001,7.849999999999994e-05,6.345229181550479e-05,9.35477081844951e-05,8.139824023525298e-05
85.0,7.699999999999995e-05,6.215938061632078e-05,9.184061938367911e-05,7.904975335306935e-05
85.2,7.399999999999993e-05,5.919035558674357e-05,8.880964441325629e-05,7.676901808071524e-05
85.4,7.199999999999995e-05,5.726177877685821e-05,8.673822122314169e-05,7.455408036157233e-05
85.60000000000001,6.999999999999994e-05,5.533888012932622e-05,8.466111987067366e-05,7.240304245808798e-05
85.80000000000001,6.649999999999994e-05,5.1820398774365676e-05,8.11796012256342e-05,7.031406125181672e-05
86.0,6.499999999999994e-05,5.055708870688185e-05,7.944291129311804e-05,6.828534655717993e-05
86.2,6.249999999999995e-05,4.856054158771712e-05,7.643945841228277e-05,6.631515954930829e-05
86.4,6.199999999999995e-05,4.8122183221681084e-05,7.587781677831881e-05,6.440181221715059e-05
86.60000000000001,6.199999999999995e-05,4.805195801475178e-05,7.594804198524812e-05,6.254366508208951e-05
86.80000000000001,5.9499999999999955e-05,4.601224056355771e-05,7.29877594364422e-05,6.0739125870854066e-05
87.0,5.799999999999996e-05,4.463869593314115e-05,7.136130406685878e-05,5.898664825100186e-05
87.2,5.6999999999999976e-05,4.377466807633196e-05,7.0225331923668e-05,5.728473047747353e-05
87.4,5.649999999999998e-05,4.3493114338982806e-05,6.950688566101715e-05,5.5631914091355326e-05
87.60000000000001,5.2999999999999994e-05,4.027158696696805e-05,6.572841303303193e-05,5.402678266713814e-05
87.80000000000001,5.1000000000000006e-05,3.834240355419036e-05,6.365759644580966e-05,5.246796060476508e-05
88.0,4.8e-05,3.550008111606441e-05,6.0499918883935594e-05,5.095411196275744e-05
88.2,4.750000000000001e-05,3.500183992023419e-05,5.9998160079765826e-05,4.948393932870904e-05
88.4,4.6500000000000005e-05,3.385109039650506e-05,5.914890960349495e-05,4.805618272344095e-05
88.60000000000001,4.6e-05,3.320039884758756e-05,5.879960115241244e-05,4.666961853510484e-05
88.80000000000001,4.55e-05,3.27036434325419e-05,5.82963565674581e-05,4.532305847952717e-05
89.0,4.550000000000001e-05,3.2551838169807974e-05,5.844816183019204e-05,4.4015348583083925e-05
89.2,4.4000000000000006e-05,3.12923291814255e-05,5.6707670818574514e-05,4.274536818439598e-05
89.4,4.399999999999999e-05,3.136944890578431e-05,5.663055109421568e-05,4.1512028951136964e-05
89.60000000000001,4.2499999999999996e-05,3.060258724734555e-05,5.4397412752654444e-05,4.031427390824211e-05
89.80000000000001,4.2499999999999996e-05,3.043946172070505e-05,5.456053827929494e-05,3.9151076473810064e-05
90.0,4.1e-05,2.904095016667328e-05,5.295904983332672e-05,3.802143949898743e-05
90.2,3.900000000000001e-05,2.7238661264090098e-05,5.0761338735909924e-05,3.692439446115525e-05
90.4,3.7000000000000005e-05,2.5789885285518348e-05,4.821011471448166e-05,3.5859001352826613e-05
90.60000000000001,3.5000000000000004e-05,2.4285430222479975e-05,4.5714569777520036e-05,3.482434706265643e-05
90.80000000000001,3.3e-05,2.262266092068906e-05,4.337733907931095e-05,3.3819544796317525e-05
91.0,3.3e-05,2.1983298896920516e-05,4.401670110307949e-05,3.284373335652798e-05
91.2,3.2e-05,2.075073307178712e-05,4.3249266928212876e-05,3.189607638497118e-05
91.4,3.25e-05,2.097806070561173e-05,4.4021939294388265e-05,3.097576163442894e-05
91.60000000000001,3.1e-05,1.978291490417361e-05,4.2217085095826394e-05,3.0082000268976713e-05
91.80000000000001,3.1e-05,1.978291490417361e-05,4.2217085095826394e-05,2.9214026190092448e-05
92.0,3.0500000000000003e-05,1.9564525240517425e-05,4.143547475948258e-05,2.8371095386529204e-05
92.2,3.0500000000000003e-05,1.9564525240517425e-05,4.143547475948258e-05,2.7552485305801615e-05
92.4,3.0000000000000004e-05,1.855783507342185e-05,4.144216492657816e-05,2.675749424513767e-05
92.60000000000001,2.8000000000000003e-05,1.6716045148174032e-05,3.9283954851825974e-05,2.598544075974497e-05
92.80000000000001,2.7499999999999998e-05,1.632239836347079e-05,3.867760163652921e-05,2.523566308624286e-05
93.0,2.6999999999999996e-05,1.6380689016696877e-05,3.7619310983303115e-05,2.4507518579110644e-05
93.2,2.649999999999999e-05,1.6182383373046567e-05,3.681761662695341e-05,2.3800383158001945e-05
93.4,2.7499999999999994e-05,1.5978060705611736e-05,3.902193929438825e-05,2.311365076377661e-05
93.60000000000001,2.699999999999999e-05,1.5497368446452267e-05,3.850263155354771e-05,2.24467328210995e-05
93.80000000000001,2.649999999999999e-05,1.510253830290844e-05,3.789746169709154e-05,2.1799057705457345e-05
94.0,2.4999999999999988e-05,1.3926684675492427e-05,3.6073315324507545e-05,2.1170070212444002e-05
94.2,2.449999999999999e-05,1.408624126051325e-05,3.491375873948673e-05,2.0559231027164238e-05
94.4,2.4499999999999996e-05,1.3992838262694654e-05,3.500716173730534e-05,1.9966016264985054e-05
94.60000000000001,2.2499999999999998e-05,1.2377406635951106e-05,3.262259336404889e-05,1.938991760737556e-05
94.80000000000001,2.2499999999999998e-05,1.2377406635951106e-05,3.262259336404889e-05,1.8830441271552167e-05
95.0,2.2499999999999998e-05,1.2872097166796812e-05,3.212790283320318e-05,1.828710767231136e-05
95.2,2.2499999999999998e-05,1.2872097166796812e-05,3.212790283320318e-05,1.775945107728794e-05
95.4,2.1999999999999996e-05,1.2400299135690646e-05,3.1599700864309345e-05,1.7247019192572478e-05
95.60000000000001,2.15e-05,1.1727058610699274e-05,3.127294138930073e-05,1.674937276560567e-05
95.80000000000001,2.1e-05,1.1458488957658909e-05,3.0541511042341086e-05,1.626608520414678e-05
96.0,2.05e-05,1.1196199047696771e-05,2.980380095230323e-05,1.5796742210112627e-05
96.2,2e-05,1.0727493631983546e-05,2.9272506368016457e-05,1.534094142708364e-05
96.4,1.9999999999999995e-05,1.0622716222990649e-05,2.937728377700934e-05,1.4898292100274028e-05
96.60000000000001,1.9499999999999996e-05,1.0365768261280698e-05,2.8634231738719296e-05,1.4468414747762177e-05
96.80000000000001,1.8499999999999996e-05,9.540726300676885e-06,2.7459273699323106e-05,1.4050940841778296e-05
97.0,1.6999999999999993e-05,8.370407736003597e-06,2.562959226399639e-05,1.364551249884587e-05
97.2,1.7499999999999995e-05,8.610794403434968e-06,2.6389205596565022e-05,1.3251782177573374e-05
97.4,1.6499999999999994e-05,7.683635356745406e-06,2.5316364643254583e-05,1.2869412382893375e-05
97.60000000000001,1.5499999999999994e-05,6.871823096145648e-06,2.412817690385434e-05,1.2498075375545023e-05
97.80000000000001,1.4999999999999995e-05,6.411263478569769e-06,2.358873652143022e-05,1.2137452885597087e-05
98.0,1.4499999999999997e-05,6.18318392519518e-06,2.2816816074804812e-05,1.178723582880798e-05
98.2,1.4999999999999999e-05,5.967685690080481e-06,2.4032314309919518e-05,1.1447124024619297e-05
98.4,1.4499999999999997e-05,6.18318392519518e-06,2.2816816074804812e-05,1.111682591457993e-05
98.60000000000001,1.3999999999999998e-05,5.725288693520512e-06,2.2274711306479484e-05,1.079605827999686e-05
98.80000000000001,1.3500000000000001e-05,5.387761238972209e-06,2.1612238761027794e-05,1.0484545957609659e-05
99.0,1.3000000000000001e-05,5.56226438462699e-06,2.0437735615373012e-05,1.0182021797245766e-05
99.2,1.2500000000000002e-05,5.111358885607507e-06,1.9888641114392498e-05,9.888226646688502e-06
99.4,1.1000000000000003e-05,4.0400027919117945e-06,1.7959997208088212e-05,9.602908634716327e-06
99.60000000000001,1.1000000000000003e-05,4.0400027919117945e-06,1.7959997208088212e-05,9.325823173575737e-06
99.80000000000001,1.1000000000000003e-05,4.0400027919117945e-06,1.7959997208088212e-05,9.056732741402836e-06
100.0,1.1000000000000003e-05,4.0400027919117945e-06,1.7959997208088212e-05,8.795406669673937e-06
100.2,1.1000000000000003e-05,4.0400027919117945e-06,1.7959997208088212e-05,8.541620939848935e-06
100.4,1.1500000000000002e-05,3.820862724099644e-06,1.9179137275900358e-05,8.295157988560783e-06
100.60000000000001,1.1500000000000002e-05,3.820862724099644e-06,1.9179137275900358e-05,8.055806520703806e-06
100.80000000000001,1.2e-05,4.023488418159873e-06,1.997651158184013e-05,7.823361329774262e-06
101.0,1.2e-05,3.782160235527597e-06,2.0217839764472403e-05,7.597623124816091e-06
101.2,1.2e-05,3.782160235527597e-06,2.0217839764472403e-05,7.378398363324923e-06
101.4,1.1500000000000002e-05,3.949167422564224e-06,1.905083257743578e-05,7.165499089463652e-06
101.60000000000001,1.1500000000000002e-05,4.347878458562482e-06,1.8652121541437522e-05,6.9587427769423616e-06
101.80000000000001,1.1500000000000002e-05,4.347878458562482e-06,1.8652121541437522e-05,6.7579521759159325e-06
102.0,1.1500000000000002e-05,4.347878458562482e-06,1.8652121541437522e-05,6.562955163252353e-06
102.2,1.1500000000000002e-05,4.347878458562482e-06,1.8652121541437522e-05,6.373584595524757e-06
102.4,9.5e-06,2.854907976971063e-06,1.614509202302894e-05,6.189678164080491e-06
102.60000000000001,9e-06,2.4150959199478283e-06,1.5584904080052174e-05,6.011078251540034e-06
102.80000000000001,9e-06,2.4150959199478283e-06,1.5584904080052174e-05,5.8376317890790695e-06
103.0,9e-06,2.4150959199478283e-06,1.5584904080052174e-05,5.669190113846731e-06
103.2,9e-06,2.4150959199478283e-06,1.5584904080052174e-05,5.505608825873079e-06
103.4,8.5e-06,2.4425521017483527e-06,1.4557447898251646e-05,5.3467476438190505e-06
103.60000000000001,8.5e-06,2.4425521017483527e-06,1.4557447898251646e-05,5.192470258921767e-06
103.80000000000001,8.000000000000001e-06,2.345913456376215e-06,1.3654086543623788e-05,5.042644264746348e-06
104.0,7.500000000000001e-06,1.91939992102933e-06,1.3080600078970672e-05,4.897141372585045e-06
104.2,6.500000000000002e-06,2.062409680917148e-06,1.0937590319082855e-05,4.755836857394953e-06
104.4,6.000000000000002e-06,1.6598042338745939e-06,1.034019576612541e-05,4.618609577880317e-06
104.60000000000001,5.500000000000001e-06,1.497682713294363e-06,9.502317286705638e-06,4.4853418975817955e-06
104.80000000000001,5.500000000000001e-06,1.497682713294363e-06,9.502317286705638e-06,4.355919577394122e-06
105.0,5.500000000000001e-06,1.497682713294363e-06,9.502317286705638e-06,4.230231673017871e-06
105.2,5.500000000000001e-06,1.497682713294363e-06,9.502317286705638e-06,4.1081704370136865e-06
105.4,5.500000000000001e-06,1.497682713294363e-06,9.502317286705638e-06,3.989631225127478e-06
105.60000000000001,5.500000000000001e-06,1.497682713294363e-06,9.502317286705638e-06,3.874512406554817e-06
105.80000000000001,5e-06,1.1084586158128399e-06,8.891541384187162e-06,3.7627152778130176e-06
106.0,4.5e-06,9.920379202285235e-07,8.007962079771477e-06,3.65414397988927e-06
106.2,4e-06,9.246575511108318e-07,7.075342448889167e-06,3.548705418333159e-06
106.4,4e-06,9.246575511108318e-07,7.075342448889167e-06,3.446309185962072e-06
106.60000000000001,4e-06,9.246575511108318e-07,7.075342448889167e-06,3.3468674878477254e-06
106.80000000000001,3.5e-06,5.752827984618302e-07,6.42471720153817e-06,3.250295068252321e-06
107.0,3.5e-06,5.752827984618302e-07,6.42471720153817e-06,3.156509139182654e-06
107.2,3.5e-06,5.752827984618302e-07,6.42471720153817e-06,3.0654293102305557e-06
107.4,3.5e-06,5.752827984618302e-07,6.42471720153817e-06,2.9769775193681285e-06
107.60000000000001,3.5e-06,5.752827984618302e-07,6.42471720153817e-06,2.891077964366043e-06
107.80000000000001,3e-06,2.3586544166919334e-07,5.764134558330807e-06,2.807657034503374e-06
108.0,3e-06,2.3586544166919334e-07,5.764134558330807e-06,2.7266432422373283e-06
108.2,3e-06,2.3586544166919334e-07,5.764134558330807e-06,2.6479671545012203e-06
108.4,3e-06,2.3586544166919334e-07,5.764134558330807e-06,2.571561323299169e-06
108.60000000000001,3e-06,2.3586544166919334e-07,5.764134558330807e-06,2.4973602152657843e-06
108.80000000000001,3e-06,2.3586544166919334e-07,5.764134558330807e-06,2.4253001398593137e-06
109.0,3e-06,2.3586544166919334e-07,5.764134558330807e-06,2.3553191904687185e-06
109.2,3e-06,2.3586544166919334e-07,5.764134558330807e-06,2.2873574553193287e-06
109.4,3e-06,2.3586544166919334e-07,5.764134558330807e-06,2.221356718554682e-06
109.60000000000001,3.5e-06,2.5838814806118387e-07,6.7416118519388165e-06,2.1572603914943992e-06
109.80000000000001,3.5e-06,2.5838814806118387e-07,6.7416118519388165e-06,2.095013526620621e-06
110.0,3.5e-06,2.5838814806118387e-07,6.7416118519388165e-06,2.034562765932659e-06
110.2,2e-06,-4.050087320807259e-07,4.405008732080726e-06,1.9758562918218942e-06
110.4,1.5e-06,-1.991610603377541e-07,3.199161060337754e-06,1.918843780306245e-06
110.60000000000001,1.5e-06,-1.991610603377541e-07,3.199161060337754e-06,1.8634763564633751e-06
110.80000000000001,1.5e-06,-1.991610603377541e-07,3.199161060337754e-06,1.809706551901966e-06
111.0,1.5e-06,-1.991610603377541e-07,3.199161060337754e-06,1.7574882641102874e-06
111.2,1.5e-06,-1.991610603377541e-07,3.199161060337754e-06,1.706776717521309e-06
111.4,1.5e-06,-1.991610603377541e-07,3.199161060337754e-06,1.6575284261336618e-06
111.60000000000001,1.5e-06,-1.991610603377541e-07,3.199161060337754e-06,1.6097011575276366e-06
111.80000000000001,1.5e-06,-1.991610603377541e-07,3.199161060337754e-06,1.5632538981155338e-06
112.0,1.5e-06,-1.991610603377541e-07,3.199161060337754e-06,1.5181468194655988e-06
112.2,1.5e-06,-1.991610603377541e-07,3.199161060337754e-06,1.4743412455387907e-06
112.4,1.5e-06,-1.991610603377541e-07,3.199161060337754e-06,1.4317996206776864e-06
112.60000000000001,1.5e-06,-1.991610603377541e-07,3.199161060337754e-06,1.3904854781867154e-06
112.80000000000001,1.5e-06,-1.991610603377541e-07,3.199161060337754e-06,1.35036340934303e-06
113.0,1.5e-06,-1.991610603377541e-07,3.199161060337754e-06,1.3113990326772557e-06
113.2,1.5e-06,-1.991610603377541e-07,3.199161060337754e-06,1.273558963363361e-06
113.4,1e-06,-3.908759552024676e-07,2.3908759552024675e-06,1.2368107825569495e-06
113.60000000000001,1e-06,-3.908759552024676e-07,2.3908759552024675e-06,1.2011230065211784e-06
113.80000000000001,1e-06,-3.908759552024676e-07,2.3908759552024675e-06,1.1664650553795963e-06
114.0,1e-06,-9.719565442517542e-07,2.971956544251754e-06,1.1328072213351515e-06
114.2,1e-06,-9.719565442517542e-07,2.971956544251754e-06,1.1001206361946113e-06
114.4,1e-06,-9.719565442517542e-07,2.971956544251754e-06,1.0683772380376896e-06
114.60000000000001,1e-06,-9.719565442517542e-07,2.971956544251754e-06,1.0375497368700917e-06
114.80000000000001,1e-06,-9.719565442517542e-07,2.971956544251754e-06,1.0076116398310654e-06
115.0,1e-06,-9.719565442517542e-07,2.971956544251754e-06,9.785373847871502e-07
115.2,1e-06,-9.719565442517542e-07,2.971956544251754e-06,9.50302053394485e-07
115.4,1e-06,-9.719565442517542e-07,2.971956544251754e-06,9.228814387937472e-07
115.60000000000001,1e-06,-9.719565442517542e-07,2.971956544251754e-06,8.962520345220652e-07
115.80000000000001,1e-06,-9.719565442517542e-07,2.971956544251754e-06,8.703910129972393e-07
116.0,1e-06,-9.719565442517542e-07,2.971956544251754e-06,8.452762049977032e-07
116.2,1e-06,-9.719565442517542e-07,2.971956544251754e-06,8.208860800712277e-07
116.4,1e-06,-9.719565442517542e-07,2.971956544251754e-06,7.971997278053937e-07
116.60000000000001,1e-06,-9.719565442517542e-07,2.971956544251754e-06,7.741968398928068e-07
116.80000000000001,1e-06,-9.719565442517542e-07,2.971956544251754e-06,7.518576929240832e-07
117.0,1e-06,-9.719565442517542e-07,2.971956544251754e-06,7.301631318416041e-07
117.2,5e-07,-4.859782721258771e-07,1.485978272125877e-06,7.090945539870345e-07
117.4,5e-07,-4.859782721258771e-07,1.485978272125877e-06,6.886338936756369e-07
117.60000000000001,5e-07,-4.859782721258771e-07,1.485978272125877e-06,6.687636072303509e-07
117.80000000000001,5e-07,-4.859782721258771e-07,1.485978272125877e-06,6.494666584086689e-07
118.0,5e-07,-4.859782721258771e-07,1.485978272125877e-06,6.307265041553041e-07
118.2,5e-07,-4.859782721258771e-07,1.485978272125877e-06,6.125270806136502e-07
118.4,5e-07,-4.859782721258771e-07,1.485978272125877e-06,5.94852789329056e-07
118.60000000000001,5e-07,-4.859782721258771e-07,1.485978272125877e-06,5.776884835768942e-07
118.80000000000001,5e-07,-4.859782721258771e-07,1.485978272125877e-06,5.6101945474845e-07
119.0,5e-07,-4.859782721258771e-07,1.485978272125877e-06,5.448314187276257e-07
119.2,5e-07,-4.859782721258771e-07,1.485978272125877e-06,5.291105021914625e-07
119.4,5e-07,-4.859782721258771e-07,1.485978272125877e-06,5.138432287675016e-07
119.60000000000001,5e-07,-4.859782721258771e-07,1.485978272125877e-06,4.990165049809632e-07
119.80000000000001,5e-07,-4.859782721258771e-07,1.485978272125877e-06,4.846176059247714e-07
120.0,5e-07,-4.859782721258771e-07,1.485978272125877e-06,4.706341605854186e-07
