rep,seed_spawn_key,final_size,final_size_frac,peak_I,t_peak,duration,n_events,index_offspring,mean_initial_offspring
0,"1,0",2,0.002,2,1.109820662985953,4.019661280098104,3,1,1.0
1,"1,1",2,0.002,2,1.6332507620993455,2.6929003798293256,3,1,1.0
2,"1,2",1,0.001,1,0.0,1.0800588351037534,1,0,0.0
3,"1,3",928,0.928,272,14.927576612611647,57.27724194864765,1855,4,4.0
4,"1,4",1,0.001,1,0.0,0.8918239562706585,1,0,0.0
5,"1,5",1,0.001,1,0.0,2.45250958518398,1,0,0.0
6,"1,6",8,0.008,4,4.511515034209172,6.992677729628852,15,1,1.0
7,"1,7",905,0.905,243,20.708930292604386,64.65475556285163,1809,7,7.0
8,"1,8",1,0.001,1,0.0,0.3480354800896752,1,0,0.0
9,"1,9",878,0.878,244,23.50697675583611,63.21327230746933,1755,3,3.0
10,"1,10",890,0.89,271,20.877029731916537,76.80689018700605,1779,5,5.0
11,"1,11",883,0.883,227,16.542889338990527,72.81595206670434,1765,4,4.0
12,"1,12",1,0.001,1,0.0,0.36566857947868875,1,0,0.0
13,"1,13",897,0.897,249,23.404861745482656,58.761346128381795,1793,4,4.0
14,"1,14",903,0.903,278,21.835424029720674,61.4379900896854,1805,2,2.0
15,"1,15",910,0.91,266,18.6045103355339,56.71686970902625,1819,6,6.0
16,"1,16",862,0.862,260,21.54951110798701,57.38367653916624,1723,6,6.0
17,"1,17",924,0.924,259,22.555221413622355,70.42037781798544,1847,4,4.0
18,"1,18",1,0.001,1,0.0,2.733265887246097,1,0,0.0
19,"1,19",1,0.001,1,0.0,2.008186433848285,1,0,0.0
20,"1,20",1,0.001,1,0.0,3.161556685797423,1,0,0.0
21,"1,21",912,0.912,246,20.770813495512968,63.55792711090945,1823,8,8.0
22,"1,22",885,0.885,225,22.295861751880064,72.9348454902611,1769,6,6.0
23,"1,23",877,0.877,235,24.45298577047038,68.28641787050813,1753,3,3.0
24,"1,24",2,0.002,2,3.162811149654794,3.904331195989301,3,1,1.0
25,"1,25",908,0.908,282,26.269386849741412,61.29698519963134,1815,1,1.0
26,"1,26",3,0.003,3,4.500074937988188,6.272890344276961,5,2,2.0
27,"1,27",898,0.898,282,18.239821622792274,58.08658972246312,1795,2,2.0
28,"1,28",1,0.001,1,0.0,0.2864490306455366,1,0,0.0
29,"1,29",890,0.89,242,19.6275156885665,50.791150596388704,1779,4,4.0
30,"1,30",912,0.912,254,24.96437547294994,61.664945442802384,1823,1,1.0
31,"1,31",886,0.886,235,23.582842549692874,63.64492034846703,1771,3,3.0
32,"1,32",896,0.896,256,23.716169403629472,72.12304363170536,1791,2,2.0
33,"1,33",1,0.001,1,0.0,0.9244124608633298,1,0,0.0
34,"1,34",894,0.894,261,23.241063600490378,63.97382817793342,1787,2,2.0
35,"1,35",3,0.003,2,1.1152310741740432,5.60976419346846,5,1,1.0
36,"1,36",893,0.893,238,19.123704689836522,68.27407839487381,1785,9,9.0
37,"1,37",893,0.893,260,18.55831154054805,60.90018137562551,1785,1,1.0
38,"1,38",1,0.001,1,0.0,0.19484222406994187,1,0,0.0
39,"1,39",909,0.909,283,21.249643967032966,67.46109303490103,1817,1,1.0
40,"1,40",3,0.003,3,1.3403035553161997,3.4838302100678304,5,2,2.0
41,"1,41",878,0.878,241,20.065253172792634,63.264471666796176,1755,2,2.0
42,"1,42",900,0.9,261,19.690451497596165,78.36963263720736,1799,7,7.0
43,"1,43",1,0.001,1,0.0,1.2422812329142077,1,0,0.0
44,"1,44",1,0.001,1,0.0,0.03141483294750112,1,0,0.0
45,"1,45",894,0.894,256,28.321999967495284,69.89902507208166,1787,1,1.0
46,"1,46",1,0.001,1,0.0,1.9137545468801458,1,0,0.0
47,"1,47",1,0.001,1,0.0,0.3607764346385199,1,0,0.0
48,"1,48",907,0.907,232,26.184514990123372,59.61400984000762,1813,6,6.0
49,"1,49",1,0.001,1,0.0,0.5938705234579694,1,0,0.0
50,"1,50",2,0.002,2,0.20284147678763575,1.7908016273407514,3,1,1.0
51,"1,51",862,0.862,229,33.09794509051103,66.34745071388018,1723,1,1.0
52,"1,52",875,0.875,241,17.972766611440516,53.44881878313902,1749,8,8.0
53,"1,53",907,0.907,262,28.206338388854665,71.34205698683095,1813,1,1.0
54,"1,54",882,0.882,228,25.66139499607927,80.46740231365519,1763,1,1.0
55,"1,55",908,0.908,241,24.628001150467092,75.93837002237217,1815,4,4.0
56,"1,56",1,0.001,1,0.0,0.013211787644409625,1,0,0.0
57,"1,57",892,0.892,230,21.735769614362095,65.59475185838798,1783,6,6.0
58,"1,58",1,0.001,1,0.0,1.1352070710637245,1,0,0.0
59,"1,59",880,0.88,220,23.706432946578076,71.72618033993018,1759,5,5.0
60,"1,60",870,0.87,211,19.991106906921683,63.00567023709824,1739,7,7.0
61,"1,61",1,0.001,1,0.0,0.9420808435830506,1,0,0.0
62,"1,62",1,0.001,1,0.0,0.25537192940134695,1,0,0.0
63,"1,63",1,0.001,1,0.0,0.2983126455571317,1,0,0.0
64,"1,64",1,0.001,1,0.0,1.1238040919895207,1,0,0.0
65,"1,65",888,0.888,238,19.70361900677435,68.90872996816681,1775,3,3.0
66,"1,66",2,0.002,2,1.3698494586460905,3.0493657442166233,3,1,1.0
67,"1,67",888,0.888,241,26.654886587985718,78.92294922054509,1775,3,3.0
68,"1,68",930,0.93,305,21.818860273201167,62.04542185448624,1859,4,4.0
69,"1,69",894,0.894,275,29.12323216884464,68.21421145197188,1787,1,1.0
70,"1,70",856,0.856,220,30.268751077994,65.01568422625748,1711,6,6.0
71,"1,71",899,0.899,256,22.430341266637367,66.24029754971782,1797,3,3.0
72,"1,72",1,0.001,1,0.0,0.45789463321991425,1,0,0.0
73,"1,73",900,0.9,271,20.218985022572635,78.10905375620526,1799,3,3.0
74,"1,74",862,0.862,276,25.15054391035091,63.80098373980453,1723,2,2.0
75,"1,75",891,0.891,281,19.443115188942155,68.03049226501159,1781,2,2.0
76,"1,76",894,0.894,243,23.486666359557134,69.02303097804781,1787,5,5.0
77,"1,77",873,0.873,252,18.62934582570349,62.775341604472786,1745,2,2.0
78,"1,78",897,0.897,246,22.633005912263737,63.1584707248251,1793,6,6.0
79,"1,79",1,0.001,1,0.0,0.096502743012926,1,0,0.0
80,"1,80",907,0.907,221,25.433805421508453,71.74082125554507,1813,1,1.0
81,"1,81",910,0.91,251,23.219170159793386,63.095503224738174,1819,12,12.0
82,"1,82",1,0.001,1,0.0,0.11706320949002767,1,0,0.0
83,"1,83",900,0.9,251,31.17521525759485,87.71793346015802,1799,9,9.0
84,"1,84",882,0.882,231,26.332329412893536,70.65519298516482,1763,7,7.0
85,"1,85",877,0.877,236,22.175491678122196,65.98951278877678,1753,6,6.0
86,"1,86",4,0.004,3,3.4913869146713523,5.6076655118379675,7,2,2.0
87,"1,87",3,0.003,3,0.9059178395626784,4.409301494994294,5,1,1.0
88,"1,88",1,0.001,1,0.0,0.6967439526070996,1,0,0.0
89,"1,89",891,0.891,242,22.99758734239262,73.12814584115077,1781,3,3.0
90,"1,90",930,0.93,286,24.589919541933348,77.32958339156977,1859,6,6.0
91,"1,91",1,0.001,1,0.0,1.7089725313620623,1,0,0.0
92,"1,92",878,0.878,237,31.16415474542695,65.69865187542557,1755,2,2.0
93,"1,93",906,0.906,292,21.694743492610367,60.464906547285736,1811,2,2.0
94,"1,94",899,0.899,235,20.54726122652434,65.36149506278511,1797,5,5.0
95,"1,95",1,0.001,1,0.0,0.3044092633603781,1,0,0.0
96,"1,96",851,0.851,231,19.43725733256534,55.28197016769239,1701,6,6.0
97,"1,97",1,0.001,1,0.0,2.4651269294501708,1,0,0.0
98,"1,98",891,0.891,263,21.601128076301585,69.39660503905647,1781,8,8.0
99,"1,99",902,0.902,254,20.45346695398399,61.27294837384991,1803,8,8.0
100,"1,100",879,0.879,244,21.40834531368029,68.34428110661784,1757,2,2.0
101,"1,101",1,0.001,1,0.0,1.0492075112162906,1,0,0.0
102,"1,102",891,0.891,282,19.700856898808766,81.22209322311555,1781,5,5.0
103,"1,103",896,0.896,240,25.03819448467517,59.062720276333714,1791,4,4.0
104,"1,104",864,0.864,237,23.581602355874768,77.95693986721417,1727,2,2.0
105,"1,105",896,0.896,224,16.49237653201082,58.508143522631606,1791,2,2.0
106,"1,106",884,0.884,253,21.72080668278011,60.63569494743461,1767,2,2.0
107,"1,107",892,0.892,242,26.695528774987384,86.18409277129993,1783,3,3.0
108,"1,108",903,0.903,253,24.827357283577136,66.50285931880694,1805,3,3.0
109,"1,109",1,0.001,1,0.0,0.15139867723755274,1,0,0.0
110,"1,110",886,0.886,256,22.57511798290591,75.34349929574483,1771,1,1.0
111,"1,111",881,0.881,250,28.6272318738004,70.69132945981546,1761,8,8.0
112,"1,112",1,0.001,1,0.0,0.12510468150389145,1,0,0.0
113,"1,113",896,0.896,267,21.30124320030027,71.15685239867659,1791,1,1.0
114,"1,114",1,0.001,1,0.0,0.5769418920528412,1,0,0.0
115,"1,115",1,0.001,1,0.0,0.12004402269289295,1,0,0.0
116,"1,116",1,0.001,1,0.0,0.7367616147237503,1,0,0.0
117,"1,117",899,0.899,289,27.174820984295174,66.71212265418637,1797,6,6.0
118,"1,118",904,0.904,240,19.297561217582835,74.25721439424214,1807,1,1.0
119,"1,119",1,0.001,1,0.0,0.919173709936481,1,0,0.0
120,"1,120",924,0.924,291,25.864490000903956,59.35565465066097,1847,6,6.0
121,"1,121",905,0.905,243,19.855314297097696,70.85180973645625,1809,1,1.0
122,"1,122",917,0.917,267,23.114080479372866,81.29697744375724,1833,6,6.0
123,"1,123",864,0.864,217,26.264901451558252,69.97225579232841,1727,1,1.0
124,"1,124",915,0.915,276,19.904989833833703,54.34595774572768,1829,4,4.0
125,"1,125",1,0.001,1,0.0,0.6769565986866821,1,0,0.0
126,"1,126",1,0.001,1,0.0,0.8134009619221804,1,0,0.0
127,"1,127",3,0.003,2,1.0116691457572333,3.5569597114440086,5,1,1.0
128,"1,128",1,0.001,1,0.0,0.6693215379633781,1,0,0.0
129,"1,129",2,0.002,2,0.6409337131418753,1.0808561829910432,3,1,1.0
130,"1,130",865,0.865,236,23.66049890762566,63.167654414765636,1729,2,2.0
131,"1,131",1,0.001,1,0.0,0.7685123972764205,1,0,0.0
132,"1,132",922,0.922,272,19.81677804032239,60.67490513816519,1843,8,8.0
133,"1,133",2,0.002,2,1.981914414191447,3.8230520342001313,3,1,1.0
134,"1,134",4,0.004,3,10.71512021526815,14.57190612976807,7,1,1.0
135,"1,135",883,0.883,191,20.09744899735109,69.61101920892091,1765,5,5.0
136,"1,136",904,0.904,271,18.25787599155345,82.64730851452266,1807,6,6.0
137,"1,137",1,0.001,1,0.0,2.397746341312234,1,0,0.0
138,"1,138",1,0.001,1,0.0,0.7242028970389022,1,0,0.0
139,"1,139",1,0.001,1,0.0,0.5226549647165479,1,0,0.0
140,"1,140",873,0.873,254,23.361698743144203,60.42314461174698,1745,4,4.0
141,"1,141",917,0.917,256,24.010974599782386,84.1622786474299,1833,3,3.0
142,"1,142",867,0.867,226,26.039158732093618,61.24220309750502,1733,1,1.0
143,"1,143",1,0.001,1,0.0,3.223063032192689,1,0,0.0
144,"1,144",899,0.899,273,21.70454554676883,62.570703140097066,1797,1,1.0
145,"1,145",902,0.902,282,25.173927602404813,71.48517672903517,1803,3,3.0
146,"1,146",874,0.874,204,28.84752946750742,66.45255398961422,1747,6,6.0
147,"1,147",876,0.876,253,23.404207573451494,60.255590682552075,1751,3,3.0
148,"1,148",894,0.894,259,23.973550323774653,59.874917598538865,1787,1,1.0
149,"1,149",1,0.001,1,0.0,0.8408757414826799,1,0,0.0
150,"1,150",1,0.001,1,0.0,0.9057587222478082,1,0,0.0
151,"1,151",908,0.908,273,22.19235812091102,73.06959901606174,1815,4,4.0
152,"1,152",893,0.893,228,20.752963847347836,53.49258745637653,1785,6,6.0
153,"1,153",1,0.001,1,0.0,0.058228879227813016,1,0,0.0
154,"1,154",2,0.002,2,0.5829210649829367,4.020297731097589,3,1,1.0
155,"1,155",883,0.883,242,27.147685191586472,64.64719916934874,1765,2,2.0
156,"1,156",894,0.894,275,25.151348020458887,60.14964486106436,1787,3,3.0
157,"1,157",1,0.001,1,0.0,0.6291529795356815,1,0,0.0
158,"1,158",5,0.005,4,0.35630925596674,2.1706758478343047,9,3,3.0
159,"1,159",1,0.001,1,0.0,6.108337580877986,1,0,0.0
160,"1,160",875,0.875,223,35.58297128172369,89.25202581195276,1749,1,1.0
161,"1,161",901,0.901,254,29.357055057147196,85.48864258444922,1801,10,10.0
162,"1,162",858,0.858,234,28.88119759543822,72.70191588558109,1715,3,3.0
163,"1,163",2,0.002,2,0.6178320665129001,4.523209524674387,3,1,1.0
164,"1,164",850,0.85,217,23.257268430269814,110.36544686996692,1699,7,7.0
165,"1,165",897,0.897,244,31.511894046947955,78.55001420398304,1793,3,3.0
166,"1,166",1,0.001,1,0.0,0.3881059148643006,1,0,0.0
167,"1,167",1,0.001,1,0.0,0.15746352232645675,1,0,0.0
168,"1,168",902,0.902,232,24.86316410221493,86.56309260153668,1803,1,1.0
169,"1,169",901,0.901,222,17.518861872455748,71.93088328898338,1801,6,6.0
170,"1,170",896,0.896,234,25.704128242197402,75.08915221758573,1791,2,2.0
171,"1,171",886,0.886,228,24.931359411111053,78.75145176199,1771,2,2.0
172,"1,172",858,0.858,226,24.772913037965118,66.03973378683801,1715,3,3.0
173,"1,173",906,0.906,251,23.120703613749164,71.90574810267422,1811,1,1.0
174,"1,174",907,0.907,279,23.42868297723453,57.920272695281604,1813,2,2.0
175,"1,175",919,0.919,252,21.263644349116863,59.23466553105722,1837,1,1.0
176,"1,176",879,0.879,255,22.103314450786826,67.60402273061104,1757,6,6.0
177,"1,177",1,0.001,1,0.0,0.3238875298367783,1,0,0.0
178,"1,178",1,0.001,1,0.0,0.9143583033398198,1,0,0.0
179,"1,179",1,0.001,1,0.0,2.4640895993036427,1,0,0.0
180,"1,180",894,0.894,224,36.364141358514615,75.11972619825008,1787,7,7.0
181,"1,181",900,0.9,270,18.259085610237538,59.902057233677205,1799,7,7.0
182,"1,182",2,0.002,2,0.5779859264928938,2.1971075227379138,3,1,1.0
183,"1,183",898,0.898,231,21.361251711962254,77.39976500895295,1795,3,3.0
184,"1,184",882,0.882,266,26.60549536871807,65.02460034102451,1763,2,2.0
185,"1,185",892,0.892,265,24.970608220045474,79.32792338427433,1783,3,3.0
186,"1,186",894,0.894,227,23.35967641530152,57.51302150645567,1787,6,6.0
187,"1,187",1,0.001,1,0.0,1.460805995363549,1,0,0.0
188,"1,188",1,0.001,1,0.0,2.5418191268634946,1,0,0.0
189,"1,189",874,0.874,224,19.34139011262652,63.61497589810154,1747,6,6.0
190,"1,190",882,0.882,269,19.796808079513777,78.98723932499651,1763,2,2.0
191,"1,191",906,0.906,271,27.88652541470332,62.22053588815459,1811,2,2.0
192,"1,192",2,0.002,2,0.16336927279899602,0.8401169388223918,3,1,1.0
193,"1,193",860,0.86,216,26.415548801141693,74.24301172498696,1719,2,2.0
194,"1,194",2,0.002,2,0.6128237144202611,2.3181712639689875,3,1,1.0
195,"1,195",927,0.927,269,22.46369908658316,60.78042099443307,1853,3,3.0
196,"1,196",910,0.91,269,20.616531062007024,72.18673623558048,1819,3,3.0
197,"1,197",915,0.915,259,33.80462226654371,72.88575772419816,1829,1,1.0
198,"1,198",896,0.896,253,17.342364169985203,65.79640682432942,1791,12,12.0
199,"1,199",1,0.001,1,0.0,1.898801570265889,1,0,0.0
200,"1,200",898,0.898,218,23.76972696747858,70.35022679965454,1795,3,3.0
201,"1,201",1,0.001,1,0.0,0.7959790123091864,1,0,0.0
202,"1,202",2,0.002,2,0.0765363418602727,0.5181601243727718,3,1,1.0
203,"1,203",913,0.913,259,20.362175911454393,56.28190006035949,1825,7,7.0
204,"1,204",2,0.002,2,3.657052448131851,5.063974006169315,3,1,1.0
205,"1,205",899,0.899,262,24.485687869023774,66.0753600198375,1797,3,3.0
206,"1,206",1,0.001,1,0.0,0.2399951790241641,1,0,0.0
207,"1,207",895,0.895,259,26.66837394974865,63.034490351233565,1789,2,2.0
208,"1,208",916,0.916,291,23.151633743709603,67.00905168916549,1831,1,1.0
209,"1,209",1,0.001,1,0.0,1.1718488897641852,1,0,0.0
210,"1,210",894,0.894,206,22.996439529741625,71.5390360864869,1787,13,13.0
211,"1,211",864,0.864,253,23.1750470775488,66.4429060077279,1727,4,4.0
212,"1,212",908,0.908,247,24.30332371895052,82.16161556234277,1815,1,1.0
213,"1,213",1,0.001,1,0.0,0.5343963448552203,1,0,0.0
214,"1,214",1,0.001,1,0.0,2.1086780099295495,1,0,0.0
215,"1,215",897,0.897,274,20.33051305091346,62.15287376035815,1793,8,8.0
216,"1,216",895,0.895,229,21.57053396739951,60.285861068053876,1789,5,5.0
217,"1,217",914,0.914,235,22.59373557498676,75.72840769108608,1827,6,6.0
218,"1,218",1,0.001,1,0.0,0.21634032717438828,1,0,0.0
219,"1,219",11,0.011,5,2.8138595860639875,14.266925531668875,21,3,3.0
220,"1,220",900,0.9,221,26.543398585190083,79.3401564423476,1799,4,4.0
221,"1,221",875,0.875,238,29.98650439783797,85.6969812129349,1749,2,2.0
222,"1,222",882,0.882,229,18.845260719517967,60.80791757254017,1763,1,1.0
223,"1,223",904,0.904,254,18.156786939261192,53.09039756775189,1807,9,9.0
224,"1,224",878,0.878,249,21.66387189265756,57.383342448389975,1755,8,8.0
225,"1,225",884,0.884,238,23.99589627757143,80.859126361749,1767,2,2.0
226,"1,226",867,0.867,258,19.722698006866455,57.81498481283946,1733,9,9.0
227,"1,227",877,0.877,226,26.105070539947672,80.88779410542864,1753,7,7.0
228,"1,228",888,0.888,276,24.07917487296176,72.37318752396679,1775,1,1.0
229,"1,229",1,0.001,1,0.0,0.11056336918270836,1,0,0.0
230,"1,230",885,0.885,234,29.14082377094952,66.18906579967714,1769,2,2.0
231,"1,231",876,0.876,228,26.97720202557517,66.77431145272263,1751,6,6.0
232,"1,232",916,0.916,260,24.35744370398843,59.80246567871631,1831,5,5.0
233,"1,233",884,0.884,220,24.21933433575988,71.83399039387808,1767,6,6.0
234,"1,234",881,0.881,238,25.83017263969622,68.16138562724682,1761,3,3.0
235,"1,235",881,0.881,260,29.534963995146978,79.45763676259607,1761,3,3.0
236,"1,236",893,0.893,203,37.112495713286286,75.64352340505928,1785,2,2.0
237,"1,237",896,0.896,225,31.601970341976386,75.49892116562658,1791,2,2.0
238,"1,238",889,0.889,248,21.782007010240655,72.60307144825046,1777,4,4.0
239,"1,239",3,0.003,2,0.9621200001889177,5.353902296545071,5,1,1.0
240,"1,240",889,0.889,237,25.75516237064161,80.48839411790772,1777,4,4.0
241,"1,241",857,0.857,163,41.56359309190299,104.82124213909472,1713,3,3.0
242,"1,242",3,0.003,2,0.37360399593085575,3.32763310484828,5,1,1.0
243,"1,243",1,0.001,1,0.0,3.813247368068628,1,0,0.0
244,"1,244",930,0.93,246,31.515702671568963,67.57543054811445,1859,1,1.0
245,"1,245",1,0.001,1,0.0,1.2508324340038932,1,0,0.0
246,"1,246",1,0.001,1,0.0,2.3006046573556205,1,0,0.0
247,"1,247",887,0.887,235,24.33705758296278,80.97565750029786,1773,2,2.0
248,"1,248",910,0.91,244,22.170297232122326,60.68852833997125,1819,4,4.0
249,"1,249",1,0.001,1,0.0,1.821937522049803,1,0,0.0
250,"1,250",878,0.878,220,27.321134330353082,64.74442409171024,1755,6,6.0
251,"1,251",898,0.898,268,22.50509545418582,69.28650985221627,1795,3,3.0
252,"1,252",4,0.004,4,2.1908700564064447,6.2283511981731134,7,2,2.0
253,"1,253",895,0.895,244,22.175853419123612,54.33681488296595,1789,3,3.0
254,"1,254",909,0.909,264,20.047456871288883,57.360197233675294,1817,5,5.0
255,"1,255",863,0.863,210,20.87611138427099,70.5156621645474,1725,3,3.0
256,"1,256",1,0.001,1,0.0,3.160179423154248,1,0,0.0
257,"1,257",886,0.886,248,30.951823945819605,116.01004146425306,1771,14,14.0
258,"1,258",912,0.912,265,21.80293220380652,70.86836586926783,1823,9,9.0
259,"1,259",898,0.898,250,23.620039115882182,68.01813552565433,1795,1,1.0
260,"1,260",888,0.888,229,21.09449705981496,86.63388550585674,1775,3,3.0
261,"1,261",895,0.895,221,41.02737198415109,89.99198106144343,1789,2,2.0
262,"1,262",1,0.001,1,0.0,0.5022653184186293,1,0,0.0
263,"1,263",877,0.877,269,19.661438612134702,54.469106292186325,1753,4,4.0
264,"1,264",1,0.001,1,0.0,0.4006352744533671,1,0,0.0
265,"1,265",897,0.897,249,24.699601363512635,66.09450734206004,1793,8,8.0
266,"1,266",888,0.888,226,29.016420161154393,77.29489037040537,1775,1,1.0
267,"1,267",1,0.001,1,0.0,0.9741637036058709,1,0,0.0
268,"1,268",4,0.004,4,1.1012220353985012,3.6833412263206053,7,2,2.0
269,"1,269",907,0.907,255,27.360765812987818,74.13752015282208,1813,2,2.0
270,"1,270",903,0.903,234,24.180524466643927,58.68613778963015,1805,12,12.0
271,"1,271",870,0.87,220,22.23565000848658,62.64704087040588,1739,1,1.0
272,"1,272",904,0.904,245,31.251835965465904,75.02582430270766,1807,8,8.0
273,"1,273",6,0.006,5,2.1752928596963326,9.145700792320008,11,1,1.0
274,"1,274",2,0.002,2,1.187905390274384,1.5653903549867965,3,1,1.0
275,"1,275",1,0.001,1,0.0,2.328284199889503,1,0,0.0
276,"1,276",924,0.924,265,30.64270160583477,78.4682039496772,1847,7,7.0
277,"1,277",1,0.001,1,0.0,0.2888720315002051,1,0,0.0
278,"1,278",2,0.002,2,0.49161419876369156,4.571706207739442,3,1,1.0
279,"1,279",888,0.888,258,23.4526417483419,70.39431652799828,1775,5,5.0
280,"1,280",3,0.003,2,0.6041483609489807,4.252665817559999,5,1,1.0
281,"1,281",1,0.001,1,0.0,1.5617701302463272,1,0,0.0
282,"1,282",1,0.001,1,0.0,0.18841464524728366,1,0,0.0
283,"1,283",889,0.889,238,22.272658683564583,70.97748299917878,1777,1,1.0
284,"1,284",1,0.001,1,0.0,1.045055412190698,1,0,0.0
285,"1,285",893,0.893,261,23.185072690864516,62.51949827147022,1785,4,4.0
286,"1,286",1,0.001,1,0.0,3.0641205112959153,1,0,0.0
287,"1,287",881,0.881,232,21.679274749278978,80.1804432320304,1761,4,4.0
288,"1,288",869,0.869,205,30.468735527701075,73.499482242634,1737,6,6.0
289,"1,289",867,0.867,247,22.82358801490849,80.95147636958761,1733,2,2.0
290,"1,290",2,0.002,2,0.0919445984828621,3.3687664568816613,3,1,1.0
291,"1,291",877,0.877,230,23.990395268249625,56.36784097575107,1753,1,1.0
292,"1,292",1,0.001,1,0.0,2.280509925323268,1,0,0.0
293,"1,293",899,0.899,276,28.078415028731786,66.8316421062772,1797,3,3.0
294,"1,294",902,0.902,239,26.220541762013806,62.32582973897768,1803,1,1.0
295,"1,295",891,0.891,262,22.013930219498356,68.47326824956242,1781,3,3.0
296,"1,296",896,0.896,263,26.59287378362423,57.93869718498105,1791,3,3.0
297,"1,297",1,0.001,1,0.0,0.5890768078932901,1,0,0.0
298,"1,298",1,0.001,1,0.0,1.9796175801483444,1,0,0.0
299,"1,299",905,0.905,246,26.153945441480516,69.80140051246872,1809,2,2.0
300,"1,300",897,0.897,257,35.49184699812985,97.25150687234444,1793,2,2.0
301,"1,301",1,0.001,1,0.0,0.1678703406255262,1,0,0.0
302,"1,302",901,0.901,283,20.919704358915364,60.56380434005466,1801,7,7.0
303,"1,303",902,0.902,253,18.470331802152796,81.94636964646513,1803,5,5.0
304,"1,304",1,0.001,1,0.0,1.8889622961905739,1,0,0.0
305,"1,305",890,0.89,271,19.57873295446331,58.3712030140043,1779,10,10.0
306,"1,306",886,0.886,252,30.272496821152245,67.67240430753023,1771,1,1.0
307,"1,307",869,0.869,266,17.858949056755765,61.39426872858565,1737,6,6.0
308,"1,308",1,0.001,1,0.0,3.7140573756262087,1,0,0.0
309,"1,309",915,0.915,249,25.820814895202563,67.82992098431842,1829,2,2.0
310,"1,310",917,0.917,243,22.9328503895144,58.69513763334532,1833,10,10.0
311,"1,311",866,0.866,226,29.34595629931567,66.41478177830271,1731,5,5.0
312,"1,312",878,0.878,232,51.38795607302829,85.34932552328061,1755,1,1.0
313,"1,313",905,0.905,219,25.8436137858721,75.70828641853228,1809,7,7.0
314,"1,314",1,0.001,1,0.0,0.4395440865329855,1,0,0.0
315,"1,315",4,0.004,3,3.9046633568509224,5.267363111035634,7,3,3.0
316,"1,316",1,0.001,1,0.0,2.191195521129755,1,0,0.0
317,"1,317",905,0.905,260,20.837394633929957,74.62909420526378,1809,3,3.0
318,"1,318",907,0.907,278,27.016773293325958,64.10886125413185,1813,3,3.0
319,"1,319",1,0.001,1,0.0,0.08168079401508783,1,0,0.0
320,"1,320",870,0.87,258,22.318151483627656,60.270453317199745,1739,2,2.0
321,"1,321",3,0.003,2,2.8885599050229933,5.675552240831491,5,1,1.0
322,"1,322",3,0.003,3,4.307327291101142,6.111790163253474,5,2,2.0
323,"1,323",888,0.888,255,23.1184103359021,53.74377698826686,1775,9,9.0
324,"1,324",884,0.884,249,24.547643506838497,77.44688484429034,1767,2,2.0
325,"1,325",881,0.881,271,28.366992461829174,64.84791305740387,1761,5,5.0
326,"1,326",1,0.001,1,0.0,0.27646630173319997,1,0,0.0
327,"1,327",4,0.004,3,3.2627161964546496,3.5312383811241785,7,1,1.0
328,"1,328",862,0.862,223,22.787529732476102,59.08056520683979,1723,2,2.0
329,"1,329",894,0.894,255,19.894400720890854,54.94156937386378,1787,4,4.0
330,"1,330",890,0.89,246,16.72143900420458,69.54296802905726,1779,6,6.0
331,"1,331",877,0.877,255,30.567311455429103,76.28832406028393,1753,1,1.0
332,"1,332",909,0.909,267,19.738261135783226,60.93979920448784,1817,5,5.0
333,"1,333",1,0.001,1,0.0,1.3507226241188068,1,0,0.0
334,"1,334",897,0.897,295,20.649203318996957,69.10483081902022,1793,1,1.0
335,"1,335",1,0.001,1,0.0,0.7571535525591901,1,0,0.0
336,"1,336",887,0.887,219,28.273255808301982,75.99486100930525,1773,3,3.0
337,"1,337",872,0.872,243,17.5679423970356,64.04760545844111,1743,3,3.0
338,"1,338",1,0.001,1,0.0,2.6619087382871203,1,0,0.0
339,"1,339",874,0.874,236,22.495652047380126,68.76389880829902,1747,6,6.0
340,"1,340",898,0.898,272,19.95729325320196,64.40075097946277,1795,6,6.0
341,"1,341",871,0.871,270,20.063396981989502,58.92129260097541,1741,9,9.0
342,"1,342",869,0.869,224,24.870031545662926,64.98437515273005,1737,1,1.0
343,"1,343",900,0.9,237,32.63485561630014,65.12650406992321,1799,4,4.0
344,"1,344",903,0.903,271,19.508229207729624,75.62468429035815,1805,3,3.0
345,"1,345",886,0.886,240,23.060810269894713,68.56809959170396,1771,1,1.0
346,"1,346",896,0.896,268,25.07799158177448,69.65372026659259,1791,6,6.0
347,"1,347",917,0.917,265,21.892289401613837,76.4613786687457,1833,3,3.0
348,"1,348",1,0.001,1,0.0,0.2066262915334151,1,0,0.0
349,"1,349",906,0.906,251,27.312291620204956,82.97144411240458,1811,1,1.0
350,"1,350",872,0.872,230,27.667612143678376,64.77489800755475,1743,3,3.0
351,"1,351",879,0.879,268,17.659758123188602,64.20833090010719,1757,7,7.0
352,"1,352",1,0.001,1,0.0,1.300617007881063,1,0,0.0
353,"1,353",892,0.892,233,35.25760495020396,76.21249977838967,1783,3,3.0
354,"1,354",908,0.908,249,30.112407349325466,68.27652854796881,1815,1,1.0
355,"1,355",861,0.861,194,37.97875562698847,72.5166398898693,1721,2,2.0
356,"1,356",1,0.001,1,0.0,0.16436807637863105,1,0,0.0
357,"1,357",1,0.001,1,0.0,0.3740823909416005,1,0,0.0
358,"1,358",911,0.911,252,31.561510305897833,71.6882225489565,1821,7,7.0
359,"1,359",866,0.866,264,36.097235760439325,67.95379178615224,1731,1,1.0
360,"1,360",897,0.897,228,25.701489065901608,57.167559232193746,1793,6,6.0
361,"1,361",1,0.001,1,0.0,4.494740940480488,1,0,0.0
362,"1,362",3,0.003,3,2.1029464982486608,4.260851432981345,5,2,2.0
363,"1,363",865,0.865,225,26.281190761645224,72.99195080763629,1729,6,6.0
364,"1,364",886,0.886,237,23.209884464984246,78.03156844764848,1771,5,5.0
365,"1,365",878,0.878,237,20.730379187064354,59.99494840753729,1755,2,2.0
366,"1,366",893,0.893,259,23.568391827180122,68.74085366986021,1785,5,5.0
367,"1,367",881,0.881,241,18.48342655865676,59.99072107030618,1761,2,2.0
368,"1,368",900,0.9,250,27.311624767150995,73.99928869683247,1799,7,7.0
369,"1,369",1,0.001,1,0.0,2.3212998873083515,1,0,0.0
370,"1,370",862,0.862,210,28.248530689358116,81.04286504736729,1723,2,2.0
371,"1,371",1,0.001,1,0.0,2.7522255285428407,1,0,0.0
372,"1,372",850,0.85,216,21.929134707027533,66.02026935733792,1699,3,3.0
373,"1,373",1,0.001,1,0.0,0.018885590342513785,1,0,0.0
374,"1,374",892,0.892,239,26.41293178162407,63.40830252664331,1783,4,4.0
375,"1,375",848,0.848,209,27.684359817708895,70.35770642179178,1695,3,3.0
376,"1,376",2,0.002,2,0.8966589256407734,2.472316925396551,3,1,1.0
377,"1,377",866,0.866,232,21.12090937193282,57.6848702454067,1731,5,5.0
378,"1,378",889,0.889,233,20.475352641465335,58.06038101368256,1777,4,4.0
379,"1,379",1,0.001,1,0.0,0.2450179949024759,1,0,0.0
380,"1,380",907,0.907,262,23.387608369681224,73.24789777563352,1813,9,9.0
381,"1,381",1,0.001,1,0.0,0.7503907182151205,1,0,0.0
382,"1,382",900,0.9,224,17.619223729228178,67.11002266432293,1799,4,4.0
383,"1,383",908,0.908,261,20.67596290307791,69.26111585114167,1815,6,6.0
384,"1,384",1,0.001,1,0.0,1.187863369839056,1,0,0.0
385,"1,385",869,0.869,242,24.651820317345212,70.14260117398133,1737,2,2.0
386,"1,386",890,0.89,235,16.262222397549426,73.62156948691164,1779,4,4.0
387,"1,387",902,0.902,221,21.47973112184981,65.0646436589906,1803,4,4.0
388,"1,388",897,0.897,239,20.35784318591929,66.37392052094556,1793,4,4.0
389,"1,389",1,0.001,1,0.0,0.22701628821968947,1,0,0.0
390,"1,390",1,0.001,1,0.0,0.9103928385708798,1,0,0.0
391,"1,391",876,0.876,249,23.47020347613488,69.98011579360538,1751,6,6.0
392,"1,392",1,0.001,1,0.0,2.6920225053249944,1,0,0.0
393,"1,393",878,0.878,226,27.28604362258755,83.94879142311439,1755,2,2.0
394,"1,394",863,0.863,235,19.932193541575725,70.24075786792703,1725,1,1.0
395,"1,395",854,0.854,245,28.13639266684999,71.78461892705405,1707,1,1.0
396,"1,396",867,0.867,212,21.10425536720334,62.90353987840047,1733,7,7.0
397,"1,397",1,0.001,1,0.0,0.7190511733262982,1,0,0.0
398,"1,398",936,0.936,279,18.542143022272025,61.51195734189432,1871,2,2.0
399,"1,399",898,0.898,241,34.95410202178488,119.81948982328069,1795,4,4.0
400,"1,400",1,0.001,1,0.0,0.5006078356782924,1,0,0.0
401,"1,401",889,0.889,232,24.5352523087586,72.78188867288232,1777,2,2.0
402,"1,402",901,0.901,249,19.19624124060623,74.05335557996622,1801,7,7.0
403,"1,403",868,0.868,216,28.956204342476134,71.38054524728243,1735,1,1.0
404,"1,404",1,0.001,1,0.0,0.6028784252993272,1,0,0.0
405,"1,405",904,0.904,258,20.96507080998085,59.578503000155514,1807,2,2.0
406,"1,406",884,0.884,245,19.71434056167682,77.47832869659754,1767,3,3.0
407,"1,407",902,0.902,264,28.139447263530947,69.50758966983186,1803,8,8.0
408,"1,408",1,0.001,1,0.0,5.780075914155261,1,0,0.0
409,"1,409",903,0.903,276,27.618740751979917,95.24140437256725,1805,3,3.0
410,"1,410",914,0.914,252,26.55802672319081,71.53901795558284,1827,2,2.0
411,"1,411",858,0.858,209,26.474749483792777,84.6925532687206,1715,1,1.0
412,"1,412",880,0.88,265,24.03605817395345,63.65800989620296,1759,1,1.0
413,"1,413",863,0.863,218,22.820982394189286,76.09911034737905,1725,4,4.0
414,"1,414",2,0.002,2,7.036230662702065,7.174885004026404,3,1,1.0
415,"1,415",1,0.001,1,0.0,2.056468081002846,1,0,0.0
416,"1,416",901,0.901,280,25.24099231980202,69.14587925235615,1801,3,3.0
417,"1,417",1,0.001,1,0.0,1.8313288583314593,1,0,0.0
418,"1,418",911,0.911,256,27.87077197603731,68.76276978232312,1821,1,1.0
419,"1,419",2,0.002,2,0.43338282876335554,1.605056068398952,3,1,1.0
420,"1,420",909,0.909,260,22.104784523184332,57.74523146547292,1817,10,10.0
421,"1,421",1,0.001,1,0.0,2.2334420560384967,1,0,0.0
422,"1,422",1,0.001,1,0.0,2.537389377709592,1,0,0.0
423,"1,423",872,0.872,185,36.24224872270861,78.91058098749585,1743,2,2.0
424,"1,424",1,0.001,1,0.0,1.485757357095856,1,0,0.0
425,"1,425",926,0.926,263,20.366845262497854,68.4241848535345,1851,5,5.0
426,"1,426",882,0.882,243,25.85870702836574,76.21991848689763,1763,1,1.0
427,"1,427",898,0.898,271,24.795475542746175,70.3065506617956,1795,8,8.0
428,"1,428",1,0.001,1,0.0,0.21639273177099783,1,0,0.0
429,"1,429",2,0.002,2,0.06218938388456691,1.2949977744019998,3,1,1.0
430,"1,430",1,0.001,1,0.0,1.5343990184293135,1,0,0.0
431,"1,431",916,0.916,237,22.510126232753976,77.04915221512327,1831,4,4.0
432,"1,432",876,0.876,235,25.468936012100613,63.496078984192636,1751,2,2.0
433,"1,433",902,0.902,243,27.799362891050865,79.61571009805722,1803,7,7.0
434,"1,434",875,0.875,231,22.350671191000966,66.49976145347408,1749,3,3.0
435,"1,435",1,0.001,1,0.0,2.1007869745896044,1,0,0.0
436,"1,436",892,0.892,219,15.904106456721363,58.49159105896583,1783,1,1.0
437,"1,437",1,0.001,1,0.0,2.2225815327219824,1,0,0.0
438,"1,438",1,0.001,1,0.0,3.623150712088052,1,0,0.0
439,"1,439",1,0.001,1,0.0,0.28541896817816453,1,0,0.0
440,"1,440",912,0.912,269,22.41207356089952,82.27228264382471,1823,3,3.0
441,"1,441",1,0.001,1,0.0,1.0454865957938473,1,0,0.0
442,"1,442",885,0.885,203,24.10240536126293,69.86889490778682,1769,5,5.0
443,"1,443",4,0.004,3,3.904839417405573,4.689916673490436,7,2,2.0
444,"1,444",893,0.893,266,19.94564605883285,62.61791636197266,1785,11,11.0
445,"1,445",867,0.867,204,21.358065099051814,100.43163561477635,1733,5,5.0
446,"1,446",892,0.892,276,25.475067535383538,82.41277365115621,1783,3,3.0
447,"1,447",902,0.902,233,22.804035526858794,97.76265255593648,1803,2,2.0
448,"1,448",10,0.01,6,10.814090843996205,15.582229500209989,19,1,1.0
449,"1,449",883,0.883,248,35.45873240262858,80.36371860507055,1765,2,2.0
450,"1,450",1,0.001,1,0.0,6.152283231533554,1,0,0.0
451,"1,451",1,0.001,1,0.0,2.1470154678448328,1,0,0.0
452,"1,452",1,0.001,1,0.0,0.5933055048166234,1,0,0.0
453,"1,453",1,0.001,1,0.0,0.6828398939664126,1,0,0.0
454,"1,454",928,0.928,256,20.69597598144466,61.05484071759894,1855,5,5.0
455,"1,455",895,0.895,231,25.070806949171903,83.55279861835939,1789,3,3.0
456,"1,456",900,0.9,242,24.01924202717425,70.09133002258174,1799,2,2.0
457,"1,457",900,0.9,268,30.217207425034978,108.28945331412302,1799,1,1.0
458,"1,458",1,0.001,1,0.0,0.35043652648855367,1,0,0.0
459,"1,459",865,0.865,236,36.01111333741538,74.64221526862082,1729,3,3.0
460,"1,460",875,0.875,208,22.97391476859543,63.75699346613577,1749,3,3.0
461,"1,461",904,0.904,231,29.986929124363996,67.13430981056763,1807,10,10.0
462,"1,462",1,0.001,1,0.0,0.17512478025364686,1,0,0.0
463,"1,463",899,0.899,249,27.984031738254902,76.31514089484737,1797,1,1.0
464,"1,464",899,0.899,250,28.8355832164933,73.06960403601055,1797,3,3.0
465,"1,465",1,0.001,1,0.0,5.663609082318712,1,0,0.0
466,"1,466",893,0.893,252,20.944449859431312,70.9717836878616,1785,7,7.0
467,"1,467",896,0.896,221,25.354113583136183,67.91259696358833,1791,5,5.0
468,"1,468",891,0.891,256,26.98777009987769,85.45320545613926,1781,2,2.0
469,"1,469",2,0.002,2,1.4211034153606084,6.364843535405212,3,1,1.0
470,"1,470",1,0.001,1,0.0,3.7702483815370185,1,0,0.0
471,"1,471",1,0.001,1,0.0,1.020116136017818,1,0,0.0
472,"1,472",887,0.887,242,21.02110749481055,66.86415147299297,1773,7,7.0
473,"1,473",1,0.001,1,0.0,1.2616145456527004,1,0,0.0
474,"1,474",1,0.001,1,0.0,0.5064381336186462,1,0,0.0
475,"1,475",4,0.004,3,0.8916294679598238,4.711104565217252,7,1,1.0
476,"1,476",1,0.001,1,0.0,0.2509057579177852,1,0,0.0
477,"1,477",894,0.894,240,28.454116550538192,68.79603297098795,1787,3,3.0
478,"1,478",891,0.891,281,17.5270621751534,62.81668895380405,1781,1,1.0
479,"1,479",870,0.87,240,20.644877045942415,56.919330714281834,1739,5,5.0
480,"1,480",835,0.835,211,23.518072162096487,77.27053534408905,1669,8,8.0
481,"1,481",2,0.002,2,4.61618112335197,7.727674468949711,3,1,1.0
482,"1,482",1,0.001,1,0.0,4.224103405436663,1,0,0.0
483,"1,483",905,0.905,260,23.286993893785173,72.71882208372962,1809,3,3.0
484,"1,484",1,0.001,1,0.0,1.4363858694780607,1,0,0.0
485,"1,485",862,0.862,247,21.003026401733333,83.4003407503736,1723,3,3.0
486,"1,486",1,0.001,1,0.0,5.118922005027284,1,0,0.0
487,"1,487",4,0.004,3,5.080826256798922,8.15369959056571,7,2,2.0
488,"1,488",915,0.915,273,22.979508927838047,68.01704862104218,1829,6,6.0
489,"1,489",2,0.002,2,4.208773086584941,7.891541415652497,3,1,1.0
490,"1,490",1,0.001,1,0.0,2.5331794685511464,1,0,0.0
491,"1,491",857,0.857,204,26.130713062539282,63.7063280236768,1713,10,10.0
492,"1,492",902,0.902,264,17.973772053271727,61.85438769404115,1803,6,6.0
493,"1,493",1,0.001,1,0.0,0.3001528671885707,1,0,0.0
494,"1,494",915,0.915,237,27.110646152442342,71.87736159014598,1829,2,2.0
495,"1,495",1,0.001,1,0.0,1.0165808378730308,1,0,0.0
496,"1,496",903,0.903,232,30.24695338560924,74.33588594005514,1805,4,4.0
497,"1,497",857,0.857,239,32.77016420090321,85.29134004523644,1713,1,1.0
498,"1,498",898,0.898,264,24.520070202937767,60.1686493051423,1795,2,2.0
499,"1,499",1,0.001,1,0.0,1.8314099535657504,1,0,0.0
500,"1,500",1,0.001,1,0.0,0.4147520030237033,1,0,0.0
501,"1,501",903,0.903,253,22.97201789283373,69.29008590943303,1805,2,2.0
502,"1,502",1,0.001,1,0.0,0.09972336878938458,1,0,0.0
503,"1,503",890,0.89,228,31.21662380569414,74.03752610864807,1779,3,3.0
504,"1,504",1,0.001,1,0.0,1.2740618474536518,1,0,0.0
505,"1,505",1,0.001,1,0.0,0.645540853801236,1,0,0.0
506,"1,506",1,0.001,1,0.0,0.0551837810817304,1,0,0.0
507,"1,507",880,0.88,251,18.53640723508399,76.998654576998,1759,6,6.0
508,"1,508",2,0.002,2,0.5948080514474157,3.877415591616433,3,1,1.0
509,"1,509",1,0.001,1,0.0,1.1999736626290396,1,0,0.0
510,"1,510",1,0.001,1,0.0,2.104747970303304,1,0,0.0
511,"1,511",1,0.001,1,0.0,0.2823560615690813,1,0,0.0
512,"1,512",890,0.89,282,19.294781590907622,70.05279106136385,1779,4,4.0
513,"1,513",881,0.881,244,30.960835480172467,72.71343953147678,1761,3,3.0
514,"1,514",885,0.885,256,22.078097936840503,89.45879705714277,1769,3,3.0
515,"1,515",1,0.001,1,0.0,0.4149338231111005,1,0,0.0
516,"1,516",2,0.002,2,2.450358805622782,4.160975193372745,3,1,1.0
517,"1,517",870,0.87,203,20.578837112664612,76.13244985859633,1739,2,2.0
518,"1,518",902,0.902,271,19.145914300357664,67.45920382368656,1803,3,3.0
519,"1,519",886,0.886,227,18.22299348419146,80.67170251176894,1771,8,8.0
520,"1,520",1,0.001,1,0.0,4.155706210903702,1,0,0.0
521,"1,521",891,0.891,254,23.279775292428344,57.09865260568248,1781,7,7.0
522,"1,522",883,0.883,271,31.164247533687387,75.71879910709602,1765,2,2.0
523,"1,523",886,0.886,280,24.221431649912493,58.663051126364365,1771,9,9.0
524,"1,524",871,0.871,196,22.840668420835296,65.01427586728411,1741,2,2.0
525,"1,525",941,0.941,284,25.547797277915894,65.17854941757597,1881,5,5.0
526,"1,526",858,0.858,231,32.162900287777035,85.55978163272904,1715,6,6.0
527,"1,527",876,0.876,244,20.87636667586003,64.08532427173662,1751,2,2.0
528,"1,528",891,0.891,258,19.63385975061245,64.9824668230377,1781,4,4.0
529,"1,529",896,0.896,281,20.56735006209158,70.2130816154601,1791,5,5.0
530,"1,530",893,0.893,258,21.33671524561317,54.76208587208159,1785,1,1.0
531,"1,531",882,0.882,228,35.312967033818964,81.11039432937429,1763,8,8.0
532,"1,532",903,0.903,252,28.10020236544179,68.69020131834908,1805,2,2.0
533,"1,533",881,0.881,233,22.722179955016028,60.50517003056853,1761,4,4.0
534,"1,534",863,0.863,226,22.80424613070013,63.85978315564274,1725,8,8.0
535,"1,535",913,0.913,242,22.244891534966108,76.78076736029348,1825,7,7.0
536,"1,536",3,0.003,2,3.2649250564642056,4.725233711426392,5,1,1.0
537,"1,537",910,0.91,290,22.008182487565396,60.82612659894444,1819,4,4.0
538,"1,538",894,0.894,217,26.374858897421575,67.85832129801123,1787,2,2.0
539,"1,539",883,0.883,220,29.643538661343772,86.84858797389195,1765,2,2.0
540,"1,540",929,0.929,288,22.606309385792386,54.17640341822536,1857,1,1.0
541,"1,541",892,0.892,239,31.763964716794916,74.05592839641555,1783,5,5.0
542,"1,542",1,0.001,1,0.0,0.8313306817399873,1,0,0.0
543,"1,543",905,0.905,255,28.283535259841855,67.47747499057786,1809,5,5.0
544,"1,544",922,0.922,254,20.386695912191577,60.95178042560428,1843,1,1.0
545,"1,545",939,0.939,270,23.881179569051803,70.84029808719468,1877,3,3.0
546,"1,546",898,0.898,211,32.18575208556424,77.53980326797239,1795,3,3.0
547,"1,547",897,0.897,249,29.622298610380618,68.07327517151364,1793,3,3.0
548,"1,548",1,0.001,1,0.0,0.06886761040568466,1,0,0.0
549,"1,549",2,0.002,2,0.5647579792899903,4.393570415984164,3,1,1.0
550,"1,550",1,0.001,1,0.0,1.4529463338064945,1,0,0.0
551,"1,551",1,0.001,1,0.0,2.4322785741235857,1,0,0.0
552,"1,552",1,0.001,1,0.0,0.49448302297182795,1,0,0.0
553,"1,553",912,0.912,262,21.972125677241173,66.40562224680382,1823,2,2.0
554,"1,554",2,0.002,2,4.3896814504745905,6.580228111243153,3,1,1.0
555,"1,555",907,0.907,224,22.60452963562729,61.028889800213264,1813,8,8.0
556,"1,556",1,0.001,1,0.0,0.5078058509034179,1,0,0.0
557,"1,557",930,0.93,268,27.366927038798273,67.9410424881621,1859,3,3.0
558,"1,558",904,0.904,293,21.313697100612114,63.31124081499074,1807,5,5.0
559,"1,559",917,0.917,255,21.05305573468688,57.13274786385817,1833,3,3.0
560,"1,560",907,0.907,289,19.433163870040772,56.62860773270642,1813,1,1.0
561,"1,561",7,0.007,5,6.437871145025123,9.86474961238666,13,1,1.0
562,"1,562",909,0.909,296,26.69217555672771,64.13409021188141,1817,1,1.0
563,"1,563",927,0.927,255,24.93712346306818,70.15627212502915,1853,5,5.0
564,"1,564",923,0.923,280,27.01915382341554,75.87000103618658,1845,4,4.0
565,"1,565",916,0.916,253,16.423376565346747,73.71218407771258,1831,2,2.0
566,"1,566",880,0.88,244,22.190458762047687,66.59192759587296,1759,1,1.0
567,"1,567",871,0.871,239,22.972410715942093,76.7708967001654,1741,7,7.0
568,"1,568",1,0.001,1,0.0,2.602310467112325,1,0,0.0
569,"1,569",917,0.917,239,27.64686759562998,72.54958785514205,1833,2,2.0
570,"1,570",897,0.897,236,22.592518355583707,62.78477621838174,1793,2,2.0
571,"1,571",875,0.875,257,23.5034978409843,69.74305912186087,1749,3,3.0
572,"1,572",897,0.897,239,21.018816867852657,72.62981476988664,1793,4,4.0
573,"1,573",884,0.884,242,28.144938154694763,62.249273233732374,1767,7,7.0
574,"1,574",903,0.903,271,25.078176043060626,70.96000124867938,1805,14,14.0
575,"1,575",1,0.001,1,0.0,2.115280868805004,1,0,0.0
576,"1,576",1,0.001,1,0.0,1.282247831534184,1,0,0.0
577,"1,577",904,0.904,273,19.043706882473042,55.892087397563714,1807,2,2.0
578,"1,578",1,0.001,1,0.0,1.432866082695037,1,0,0.0
579,"1,579",895,0.895,222,22.754830636300206,57.315207489437775,1789,4,4.0
580,"1,580",886,0.886,265,26.004220230348093,81.61359021022292,1771,3,3.0
581,"1,581",924,0.924,282,25.74938544483939,77.10289606526882,1847,6,6.0
582,"1,582",907,0.907,229,34.00478518148678,71.84436880333844,1813,1,1.0
583,"1,583",6,0.006,3,1.017249126288224,7.240434360741457,11,2,2.0
584,"1,584",880,0.88,246,26.581547356085263,61.848004936447204,1759,4,4.0
585,"1,585",1,0.001,1,0.0,1.9246170633509228,1,0,0.0
586,"1,586",917,0.917,238,21.90439628030502,68.56686476341439,1833,2,2.0
587,"1,587",2,0.002,2,1.4364371167801864,2.9031514623627652,3,1,1.0
588,"1,588",898,0.898,251,19.522141571228918,63.741148458422884,1795,5,5.0
589,"1,589",894,0.894,286,20.99287007326601,63.175962030396896,1787,10,10.0
590,"1,590",857,0.857,257,19.780987482270618,59.54881979279787,1713,7,7.0
591,"1,591",1,0.001,1,0.0,0.09086728882305467,1,0,0.0
592,"1,592",2,0.002,2,0.43936727692664945,2.1682642887324084,3,1,1.0
593,"1,593",1,0.001,1,0.0,0.7003710295171243,1,0,0.0
594,"1,594",902,0.902,247,31.276646130905785,81.93122485463243,1803,1,1.0
595,"1,595",905,0.905,242,34.35589369214144,74.39286696649854,1809,1,1.0
596,"1,596",877,0.877,259,22.14229066471755,62.06505604526476,1753,2,2.0
597,"1,597",868,0.868,233,23.19885516436792,55.258722396536214,1735,3,3.0
598,"1,598",919,0.919,247,24.70549465631354,76.18073962532496,1837,1,1.0
599,"1,599",864,0.864,249,31.568792286398484,72.55527900386303,1727,3,3.0
600,"1,600",880,0.88,251,17.784341264992786,61.89373231987665,1759,6,6.0
601,"1,601",908,0.908,256,18.78504773920919,60.73999667189282,1815,5,5.0
602,"1,602",883,0.883,239,25.97625505841879,67.6599902983183,1765,5,5.0
603,"1,603",902,0.902,264,28.0629623165226,66.99392582422858,1803,1,1.0
604,"1,604",871,0.871,208,29.172357761708927,78.65337001389692,1741,3,3.0
605,"1,605",880,0.88,252,20.757196031374797,65.50529758151794,1759,6,6.0
606,"1,606",2,0.002,2,2.973986364834286,4.539424113487725,3,1,1.0
607,"1,607",879,0.879,192,22.827826396639356,95.57149313759803,1757,3,3.0
608,"1,608",893,0.893,231,20.922671758034774,89.27743193981573,1785,5,5.0
609,"1,609",1,0.001,1,0.0,0.44155511747804355,1,0,0.0
610,"1,610",1,0.001,1,0.0,0.32285118578281125,1,0,0.0
611,"1,611",900,0.9,252,18.621159067392632,74.51010507365147,1799,3,3.0
612,"1,612",2,0.002,2,2.128874033546095,5.830024895368983,3,1,1.0
613,"1,613",1,0.001,1,0.0,0.5368741059520027,1,0,0.0
614,"1,614",4,0.004,3,0.7867262201868661,6.189893797982785,7,1,1.0
615,"1,615",891,0.891,268,23.783770433897708,58.03314843928987,1781,8,8.0
616,"1,616",863,0.863,204,27.092861701812083,63.657335063623954,1725,4,4.0
617,"1,617",890,0.89,241,17.951861265020767,66.06394792271472,1779,1,1.0
618,"1,618",1,0.001,1,0.0,4.69819531098094,1,0,0.0
619,"1,619",875,0.875,200,28.11370595550615,72.90953447912999,1749,6,6.0
620,"1,620",9,0.009,3,0.495870289476211,11.47503096088278,17,2,2.0
621,"1,621",1,0.001,1,0.0,0.025991019586000662,1,0,0.0
622,"1,622",3,0.003,3,1.7300361491643022,4.313705661471109,5,1,1.0
623,"1,623",1,0.001,1,0.0,0.7363996448209441,1,0,0.0
624,"1,624",3,0.003,3,1.7687249945705052,3.570187666751159,5,1,1.0
625,"1,625",904,0.904,258,24.534848247896775,76.68480188528848,1807,2,2.0
626,"1,626",883,0.883,271,23.326123344738726,65.6168246009062,1765,11,11.0
627,"1,627",1,0.001,1,0.0,2.208863782741007,1,0,0.0
628,"1,628",1,0.001,1,0.0,1.5693085805143077,1,0,0.0
629,"1,629",896,0.896,245,18.849022139369698,77.81084670590917,1791,2,2.0
630,"1,630",2,0.002,2,1.0320116738441178,4.797201002795396,3,1,1.0
631,"1,631",899,0.899,254,27.95811477270527,67.95253470926401,1797,2,2.0
632,"1,632",1,0.001,1,0.0,1.131242301681808,1,0,0.0
633,"1,633",1,0.001,1,0.0,0.4956351260558251,1,0,0.0
634,"1,634",902,0.902,217,32.12251252115678,75.12493159393709,1803,1,1.0
635,"1,635",1,0.001,1,0.0,0.21532534463377573,1,0,0.0
636,"1,636",888,0.888,206,32.61612633662745,75.21616653993959,1775,3,3.0
637,"1,637",880,0.88,227,20.840420438774608,89.9863542545891,1759,10,10.0
638,"1,638",1,0.001,1,0.0,0.45680827009078323,1,0,0.0
639,"1,639",1,0.001,1,0.0,0.7963942910783419,1,0,0.0
640,"1,640",1,0.001,1,0.0,0.34106938941511666,1,0,0.0
641,"1,641",898,0.898,271,22.22918998644996,69.47883111599461,1795,5,5.0
642,"1,642",882,0.882,222,20.5013634295153,51.015896866196634,1763,4,4.0
643,"1,643",1,0.001,1,0.0,0.23021278311034302,1,0,0.0
644,"1,644",882,0.882,221,26.094044253905675,60.14477323300082,1763,3,3.0
645,"1,645",899,0.899,215,35.020106767626665,75.02937284987142,1797,12,12.0
646,"1,646",910,0.91,262,18.573809927599008,63.08255954081771,1819,4,4.0
647,"1,647",1,0.001,1,0.0,0.08412710487501868,1,0,0.0
648,"1,648",2,0.002,2,1.4952013547454188,3.796981582875353,3,1,1.0
649,"1,649",880,0.88,233,20.265063998556684,69.48926593295687,1759,4,4.0
650,"1,650",891,0.891,227,29.826197401209146,82.2204242139914,1781,7,7.0
651,"1,651",873,0.873,236,24.042125855259005,68.7261717448282,1745,1,1.0
652,"1,652",1,0.001,1,0.0,0.3881249960083115,1,0,0.0
653,"1,653",901,0.901,253,27.666681648871702,67.91529120505506,1801,1,1.0
654,"1,654",887,0.887,242,19.70181976808687,59.88020560176783,1773,7,7.0
655,"1,655",901,0.901,272,24.81944024989593,63.13649619766674,1801,6,6.0
656,"1,656",854,0.854,242,24.40423547907817,65.16567819593092,1707,2,2.0
657,"1,657",1,0.001,1,0.0,1.2759922859800386,1,0,0.0
658,"1,658",924,0.924,264,17.896376813997886,81.46927404147591,1847,10,10.0
659,"1,659",1,0.001,1,0.0,1.481381946297037,1,0,0.0
660,"1,660",864,0.864,198,27.961275210144237,67.01945943593849,1727,3,3.0
661,"1,661",1,0.001,1,0.0,3.698421804469068,1,0,0.0
662,"1,662",853,0.853,206,28.904756823850835,76.35288333718195,1705,6,6.0
663,"1,663",901,0.901,245,18.51804595960672,58.118183439273885,1801,4,4.0
664,"1,664",1,0.001,1,0.0,5.276344995710807,1,0,0.0
665,"1,665",890,0.89,204,27.509153738236222,71.80520557107425,1779,4,4.0
666,"1,666",885,0.885,250,22.36121516618847,63.082422593550476,1769,1,1.0
667,"1,667",1,0.001,1,0.0,1.9542970833511288,1,0,0.0
668,"1,668",1,0.001,1,0.0,0.5269699243753498,1,0,0.0
669,"1,669",3,0.003,2,0.0995043869589245,1.567869136096046,5,2,2.0
670,"1,670",1,0.001,1,0.0,1.9159464181128172,1,0,0.0
671,"1,671",902,0.902,227,33.60155782788468,78.84886348975223,1803,9,9.0
672,"1,672",902,0.902,236,22.294187244473033,70.85628995912816,1803,4,4.0
673,"1,673",2,0.002,2,0.5018105998308059,3.2645294883608154,3,1,1.0
674,"1,674",866,0.866,228,21.512659742316757,65.13423161375887,1731,3,3.0
675,"1,675",905,0.905,282,19.77719897496577,54.50060147204874,1809,6,6.0
676,"1,676",1,0.001,1,0.0,0.19159181728926392,1,0,0.0
677,"1,677",6,0.006,4,3.1346221601626025,11.689375347055336,11,2,2.0
678,"1,678",1,0.001,1,0.0,0.02043027384858086,1,0,0.0
679,"1,679",897,0.897,244,26.03621906975672,67.5184284602357,1793,9,9.0
680,"1,680",912,0.912,268,22.285584578547603,91.84255950176691,1823,3,3.0
681,"1,681",1,0.001,1,0.0,1.8415798483883823,1,0,0.0
682,"1,682",902,0.902,215,30.27821174344712,79.38049416451938,1803,3,3.0
683,"1,683",873,0.873,252,24.521180740552655,65.729717616732,1745,2,2.0
684,"1,684",899,0.899,192,28.590947407507493,88.9226042532955,1797,1,1.0
685,"1,685",911,0.911,247,23.19139168858226,64.95597288562719,1821,3,3.0
686,"1,686",919,0.919,257,25.03027718388573,76.23911396422328,1837,2,2.0
687,"1,687",892,0.892,277,20.03215815634292,61.6206782045123,1783,6,6.0
688,"1,688",919,0.919,327,16.456147499374055,52.331015971640255,1837,3,3.0
689,"1,689",890,0.89,241,23.493724482593617,58.40947899969979,1779,1,1.0
690,"1,690",910,0.91,254,27.900973119466897,92.09600885114168,1819,3,3.0
691,"1,691",906,0.906,279,24.243848445729967,60.700089746219724,1811,1,1.0
692,"1,692",883,0.883,245,22.070380785919657,65.74592360761774,1765,2,2.0
693,"1,693",888,0.888,238,23.24056729437178,65.16513003642736,1775,2,2.0
694,"1,694",1,0.001,1,0.0,0.10767203425721734,1,0,0.0
695,"1,695",879,0.879,233,24.466893313122426,60.04933900685772,1757,8,8.0
696,"1,696",901,0.901,255,21.16023616602181,63.3530103466568,1801,5,5.0
697,"1,697",858,0.858,207,21.685878038655893,62.18091224022948,1715,2,2.0
698,"1,698",1,0.001,1,0.0,0.3620993967702649,1,0,0.0
699,"1,699",2,0.002,2,0.2601254377497597,4.1686341662000626,3,1,1.0
700,"1,700",898,0.898,228,22.52877516193241,70.1637691421557,1795,3,3.0
701,"1,701",888,0.888,241,27.679841754861442,99.60737307447508,1775,10,10.0
702,"1,702",1,0.001,1,0.0,0.03972607710133317,1,0,0.0
703,"1,703",1,0.001,1,0.0,1.023454138813633,1,0,0.0
704,"1,704",886,0.886,226,23.059355324570273,73.88461195189188,1771,1,1.0
705,"1,705",1,0.001,1,0.0,4.280786273859558,1,0,0.0
706,"1,706",4,0.004,2,0.887577739598869,6.497746518258067,7,1,1.0
707,"1,707",897,0.897,248,28.104737737863996,68.12097422627093,1793,11,11.0
708,"1,708",895,0.895,242,18.886841733693505,70.3924282498086,1789,2,2.0
709,"1,709",925,0.925,256,23.273229210772527,89.84418299487092,1849,9,9.0
710,"1,710",1,0.001,1,0.0,3.5240356957354986,1,0,0.0
711,"1,711",893,0.893,232,20.796550037737834,75.05356528315261,1785,6,6.0
712,"1,712",867,0.867,240,21.35591395381599,66.49427534720441,1733,6,6.0
713,"1,713",877,0.877,208,26.764555879048295,88.00951416023638,1753,2,2.0
714,"1,714",2,0.002,2,2.1314312763659298,2.7292002420467734,3,1,1.0
715,"1,715",897,0.897,256,26.127703899740045,77.8984448616414,1793,1,1.0
716,"1,716",892,0.892,253,22.38408106937392,69.77289946834942,1783,2,2.0
717,"1,717",855,0.855,209,21.379262311216955,79.85606247656042,1709,8,8.0
718,"1,718",1,0.001,1,0.0,0.5367384189129555,1,0,0.0
719,"1,719",903,0.903,253,23.537646900088696,70.20530031476521,1805,2,2.0
720,"1,720",898,0.898,267,21.931640184582598,72.78739514509495,1795,1,1.0
721,"1,721",900,0.9,265,31.604310089543045,82.65410401692986,1799,1,1.0
722,"1,722",1,0.001,1,0.0,0.9211063444103929,1,0,0.0
723,"1,723",1,0.001,1,0.0,0.794175661990467,1,0,0.0
724,"1,724",917,0.917,247,27.792685696689357,85.45571124759061,1833,1,1.0
725,"1,725",905,0.905,244,24.369120878192966,79.97065629543555,1809,1,1.0
726,"1,726",882,0.882,227,24.140063483035394,79.73161701258242,1763,4,4.0
727,"1,727",879,0.879,225,33.74119005495147,75.36339010195368,1757,1,1.0
728,"1,728",2,0.002,2,0.5119049363856847,2.7629887144232925,3,1,1.0
729,"1,729",899,0.899,231,27.02848885144345,69.30895551715975,1797,9,9.0
730,"1,730",866,0.866,201,25.907715374321334,73.07179068994883,1731,10,10.0
731,"1,731",904,0.904,250,21.082157553132514,72.31547015177921,1807,1,1.0
732,"1,732",897,0.897,275,22.64817060380363,64.18981707579941,1793,2,2.0
733,"1,733",857,0.857,207,20.03035138143592,64.04530820811155,1713,2,2.0
734,"1,734",1,0.001,1,0.0,2.0901691446950683,1,0,0.0
735,"1,735",894,0.894,241,19.908360251863154,58.4814546239283,1787,3,3.0
736,"1,736",1,0.001,1,0.0,0.8976702076167316,1,0,0.0
737,"1,737",894,0.894,253,23.112648051600367,62.97234215090889,1787,4,4.0
738,"1,738",1,0.001,1,0.0,0.13808304094085433,1,0,0.0
739,"1,739",1,0.001,1,0.0,2.62262334006723,1,0,0.0
740,"1,740",1,0.001,1,0.0,3.5426189625157325,1,0,0.0
741,"1,741",907,0.907,256,19.221969490462868,57.58293935655578,1813,3,3.0
742,"1,742",927,0.927,273,25.203328176806295,83.87682959552777,1853,1,1.0
743,"1,743",1,0.001,1,0.0,2.338111629028413,1,0,0.0
744,"1,744",3,0.003,3,2.7534497190516904,3.392809458300384,5,2,2.0
745,"1,745",891,0.891,253,20.0551815631189,62.477746480137924,1781,8,8.0
746,"1,746",888,0.888,248,21.419521830273137,61.85178488836763,1775,1,1.0
747,"1,747",1,0.001,1,0.0,1.1963858135776826,1,0,0.0
748,"1,748",1,0.001,1,0.0,3.005450976138883,1,0,0.0
749,"1,749",2,0.002,2,1.8182591468586897,2.750466919431305,3,1,1.0
750,"1,750",881,0.881,251,23.70637226220384,57.05371608247777,1761,1,1.0
751,"1,751",883,0.883,230,26.8741108182475,88.08826926256722,1765,2,2.0
752,"1,752",910,0.91,291,23.408811577436527,57.18783392450641,1819,1,1.0
753,"1,753",912,0.912,218,23.28648192618666,66.79599593674668,1823,2,2.0
754,"1,754",877,0.877,254,29.931553358245147,74.33749555221641,1753,3,3.0
755,"1,755",914,0.914,241,24.403267659569092,73.65255407204639,1827,1,1.0
756,"1,756",881,0.881,245,22.411569775173387,57.89251872652113,1761,9,9.0
757,"1,757",1,0.001,1,0.0,3.5926518432127996,1,0,0.0
758,"1,758",898,0.898,242,31.758827805637658,73.12233364742902,1795,5,5.0
759,"1,759",899,0.899,240,22.010392182125752,64.27026066988334,1797,1,1.0
760,"1,760",875,0.875,272,24.644534446490656,64.08566119968594,1749,2,2.0
761,"1,761",878,0.878,240,31.327337975787763,86.66519233900966,1755,3,3.0
762,"1,762",885,0.885,237,32.02106238905403,67.96679766675948,1769,4,4.0
763,"1,763",855,0.855,222,29.505693002661893,60.967637524058276,1709,1,1.0
764,"1,764",911,0.911,267,26.924399931444835,73.5170047715395,1821,6,6.0
765,"1,765",1,0.001,1,0.0,0.256483926714986,1,0,0.0
766,"1,766",1,0.001,1,0.0,0.7998206322253272,1,0,0.0
767,"1,767",1,0.001,1,0.0,1.8933031731015888,1,0,0.0
768,"1,768",902,0.902,269,24.7342556148991,77.47818121227618,1803,12,12.0
769,"1,769",2,0.002,2,0.5080769485107706,4.665639297810824,3,1,1.0
770,"1,770",4,0.004,3,1.6388854289674972,6.3704173932480685,7,1,1.0
771,"1,771",2,0.002,2,0.13157770822847714,0.7114973729922929,3,1,1.0
772,"1,772",915,0.915,217,36.03186992445971,74.40935543185067,1829,2,2.0
773,"1,773",3,0.003,3,1.0278514228595996,4.179142949035681,5,1,1.0
774,"1,774",917,0.917,270,22.950927254040096,55.58304006936535,1833,6,6.0
775,"1,775",904,0.904,222,18.144432336972546,58.6849439987832,1807,2,2.0
776,"1,776",877,0.877,223,28.986327822538005,60.396539088368634,1753,3,3.0
777,"1,777",898,0.898,217,22.297642122222932,70.80823325593421,1795,1,1.0
778,"1,778",903,0.903,249,21.405305685600364,72.78029918670407,1805,3,3.0
779,"1,779",897,0.897,245,28.365670452599378,74.31087816807224,1793,2,2.0
780,"1,780",1,0.001,1,0.0,1.5376438482162669,1,0,0.0
781,"1,781",921,0.921,292,21.1977393896211,56.44787670080687,1841,7,7.0
782,"1,782",885,0.885,216,28.884228174072145,61.10188774523897,1769,3,3.0
783,"1,783",896,0.896,243,28.100823178730263,88.36592522735634,1791,3,3.0
784,"1,784",1,0.001,1,0.0,1.3655585008551452,1,0,0.0
785,"1,785",1,0.001,1,0.0,2.58218111249165,1,0,0.0
786,"1,786",871,0.871,250,28.407018659760112,72.47717373415013,1741,2,2.0
787,"1,787",915,0.915,273,24.31123000930238,77.8078777401346,1829,2,2.0
788,"1,788",1,0.001,1,0.0,0.11241580795001736,1,0,0.0
789,"1,789",10,0.01,9,2.494587311747861,7.365273407852367,19,4,4.0
790,"1,790",1,0.001,1,0.0,0.3978134026456369,1,0,0.0
791,"1,791",886,0.886,238,18.146038718379764,54.44080172567156,1771,2,2.0
792,"1,792",919,0.919,243,22.621915836149125,85.65626416589173,1837,5,5.0
793,"1,793",910,0.91,240,26.757296974861696,66.03364324225304,1819,1,1.0
794,"1,794",1,0.001,1,0.0,0.04230364024611624,1,0,0.0
795,"1,795",888,0.888,273,26.2590029888154,60.01865215866007,1775,2,2.0
796,"1,796",922,0.922,281,24.941115252562245,94.79998164689897,1843,3,3.0
797,"1,797",1,0.001,1,0.0,0.7606719155571495,1,0,0.0
798,"1,798",1,0.001,1,0.0,1.892740562721832,1,0,0.0
799,"1,799",1,0.001,1,0.0,0.5420737680593569,1,0,0.0
800,"1,800",1,0.001,1,0.0,0.13579035164039524,1,0,0.0
801,"1,801",1,0.001,1,0.0,4.822220051840436,1,0,0.0
802,"1,802",3,0.003,2,0.7176460703820038,9.141224142470122,5,2,2.0
803,"1,803",901,0.901,260,20.731498865754933,66.52206967835289,1801,5,5.0
804,"1,804",2,0.002,2,2.67519593763922,4.023684916092407,3,1,1.0
805,"1,805",926,0.926,293,25.077149168016216,63.6904064091125,1851,2,2.0
806,"1,806",907,0.907,258,22.16464314200825,59.85179796832065,1813,2,2.0
807,"1,807",1,0.001,1,0.0,5.420385096290248,1,0,0.0
808,"1,808",882,0.882,215,25.95621798586136,79.25598519758812,1763,4,4.0
809,"1,809",1,0.001,1,0.0,0.4587777092445974,1,0,0.0
810,"1,810",1,0.001,1,0.0,2.9981992487505877,1,0,0.0
811,"1,811",903,0.903,264,26.560246654034763,88.9714454452573,1805,5,5.0
812,"1,812",908,0.908,263,16.938407881203,61.780527193169746,1815,2,2.0
813,"1,813",1,0.001,1,0.0,2.4954346734964323,1,0,0.0
814,"1,814",894,0.894,245,31.57837808207384,80.9825438994032,1787,2,2.0
815,"1,815",1,0.001,1,0.0,0.15095239241149638,1,0,0.0
816,"1,816",1,0.001,1,0.0,2.5763851042218837,1,0,0.0
817,"1,817",1,0.001,1,0.0,1.5171984210593752,1,0,0.0
818,"1,818",868,0.868,249,17.983731824107508,78.45025887675172,1735,1,1.0
819,"1,819",882,0.882,234,23.529869456569234,59.49061272131659,1763,1,1.0
820,"1,820",883,0.883,261,24.500047862267174,71.74106185219787,1765,1,1.0
821,"1,821",2,0.002,2,1.124126382905237,1.2716766058288234,3,1,1.0
822,"1,822",1,0.001,1,0.0,0.9939281690183105,1,0,0.0
823,"1,823",907,0.907,269,15.878284549920766,60.52949742874726,1813,2,2.0
824,"1,824",893,0.893,244,19.336152575382968,66.28565995464766,1785,2,2.0
825,"1,825",897,0.897,271,24.358950561362857,66.60224437568338,1793,1,1.0
826,"1,826",877,0.877,254,22.029556762751824,56.574935767974864,1753,1,1.0
827,"1,827",1,0.001,1,0.0,1.4572039740425813,1,0,0.0
828,"1,828",900,0.9,224,20.99158232211309,67.69441476684032,1799,6,6.0
829,"1,829",1,0.001,1,0.0,0.6270351368379917,1,0,0.0
830,"1,830",894,0.894,239,30.60102978324827,74.43908722817189,1787,3,3.0
831,"1,831",904,0.904,244,27.361192336648795,68.66824928057508,1807,5,5.0
832,"1,832",859,0.859,228,27.103442082978496,74.91725694176282,1717,5,5.0
833,"1,833",889,0.889,228,25.168778992677204,68.34284857369435,1777,3,3.0
834,"1,834",2,0.002,2,1.4603978281542866,4.289932761013217,3,1,1.0
835,"1,835",1,0.001,1,0.0,1.789519118514632,1,0,0.0
836,"1,836",1,0.001,1,0.0,0.5749985841237593,1,0,0.0
837,"1,837",893,0.893,258,18.90559997617281,58.4566157450525,1785,10,10.0
838,"1,838",911,0.911,302,43.91307424245076,89.72045803741169,1821,1,1.0
839,"1,839",864,0.864,219,27.61898006032024,65.39002113177673,1727,1,1.0
840,"1,840",906,0.906,267,23.586082668853017,54.79124120550358,1811,2,2.0
841,"1,841",907,0.907,261,25.120202432294356,75.54301176684199,1813,3,3.0
842,"1,842",1,0.001,1,0.0,0.7197694045761468,1,0,0.0
843,"1,843",855,0.855,202,28.907010967041337,74.14029387531112,1709,1,1.0
844,"1,844",1,0.001,1,0.0,4.69671147271419,1,0,0.0
845,"1,845",1,0.001,1,0.0,0.8233794948078007,1,0,0.0
846,"1,846",1,0.001,1,0.0,1.2731416866951615,1,0,0.0
847,"1,847",901,0.901,267,20.76241671164808,67.65355071512722,1801,10,10.0
848,"1,848",2,0.002,2,1.3439538474279709,1.8750720615832575,3,1,1.0
849,"1,849",860,0.86,238,26.146919450614032,66.9092656906013,1719,4,4.0
850,"1,850",1,0.001,1,0.0,1.2344696660221706,1,0,0.0
851,"1,851",1,0.001,1,0.0,2.4341874371006007,1,0,0.0
852,"1,852",1,0.001,1,0.0,0.19000277561146875,1,0,0.0
853,"1,853",867,0.867,217,28.2759946629274,76.58364126588657,1733,5,5.0
854,"1,854",3,0.003,3,1.5689103504372552,4.930462231561891,5,2,2.0
855,"1,855",870,0.87,251,28.109783275564574,65.3194894634357,1739,5,5.0
856,"1,856",895,0.895,261,22.3554029650061,67.65854879771953,1789,6,6.0
857,"1,857",845,0.845,214,24.273242080089332,82.89461753569097,1689,9,9.0
858,"1,858",897,0.897,253,21.346702794420487,70.8930362958772,1793,1,1.0
859,"1,859",2,0.002,2,2.2400001672366963,3.789056413352832,3,1,1.0
860,"1,860",865,0.865,190,27.02426135266229,86.9489889939731,1729,2,2.0
861,"1,861",892,0.892,266,25.00818678089233,75.33156284959773,1783,2,2.0
862,"1,862",874,0.874,203,30.21869708061573,66.12020070644061,1747,2,2.0
863,"1,863",1,0.001,1,0.0,1.1322118821676896,1,0,0.0
864,"1,864",3,0.003,3,1.1188011892089529,9.059191200858963,5,2,2.0
865,"1,865",901,0.901,281,21.008174617905016,80.29861128489992,1801,6,6.0
866,"1,866",903,0.903,252,26.465573215742623,69.61617556449342,1805,2,2.0
867,"1,867",886,0.886,233,28.262547486180225,81.68024167330398,1771,4,4.0
868,"1,868",1,0.001,1,0.0,0.22389761547191958,1,0,0.0
869,"1,869",1,0.001,1,0.0,0.13019863376348384,1,0,0.0
870,"1,870",1,0.001,1,0.0,0.29704784119552935,1,0,0.0
871,"1,871",1,0.001,1,0.0,0.6536068604090717,1,0,0.0
872,"1,872",5,0.005,3,1.9608537882805408,6.749649537985085,9,2,2.0
873,"1,873",906,0.906,259,20.368983204305174,73.84095633173088,1811,11,11.0
874,"1,874",903,0.903,217,19.976629350011375,84.67616644899609,1805,4,4.0
875,"1,875",3,0.003,3,2.1107405313530716,9.663721273531571,5,1,1.0
876,"1,876",872,0.872,226,19.873045072413593,60.58185888921719,1743,7,7.0
877,"1,877",1,0.001,1,0.0,1.0005296703635604,1,0,0.0
878,"1,878",893,0.893,245,31.52641258945649,74.39078976336556,1785,5,5.0
879,"1,879",891,0.891,236,28.834091382432558,83.60059464703974,1781,1,1.0
880,"1,880",1,0.001,1,0.0,2.93018079525005,1,0,0.0
881,"1,881",870,0.87,205,36.816980168936944,73.76982798602556,1739,3,3.0
882,"1,882",1,0.001,1,0.0,3.064866745653615,1,0,0.0
883,"1,883",2,0.002,2,1.336832980729013,7.89872820144238,3,1,1.0
884,"1,884",1,0.001,1,0.0,1.7168324465095333,1,0,0.0
885,"1,885",1,0.001,1,0.0,1.2097687972389448,1,0,0.0
886,"1,886",902,0.902,253,23.725112094187406,67.86317165737472,1803,8,8.0
887,"1,887",914,0.914,246,19.52325629009039,59.67368896393978,1827,5,5.0
888,"1,888",1,0.001,1,0.0,7.529959156357226,1,0,0.0
889,"1,889",2,0.002,2,1.2367245988226703,1.955724486469793,3,1,1.0
890,"1,890",921,0.921,278,21.98144593299524,81.09487295931244,1841,2,2.0
891,"1,891",1,0.001,1,0.0,1.6485934691203579,1,0,0.0
892,"1,892",899,0.899,235,30.802438319411934,63.49809406733248,1797,7,7.0
893,"1,893",1,0.001,1,0.0,1.7918164005064197,1,0,0.0
894,"1,894",1,0.001,1,0.0,1.6428498319965088,1,0,0.0
895,"1,895",911,0.911,270,24.400080849549443,66.00251878448896,1821,4,4.0
896,"1,896",873,0.873,214,24.145517588855462,76.6586248373583,1745,5,5.0
897,"1,897",1,0.001,1,0.0,0.13951576012303998,1,0,0.0
898,"1,898",861,0.861,220,26.97350390150214,66.21366814134132,1721,1,1.0
899,"1,899",912,0.912,286,24.425490256966526,58.57940281573659,1823,1,1.0
900,"1,900",861,0.861,248,17.335710792031303,53.32024310121746,1721,12,12.0
901,"1,901",862,0.862,221,28.166535363660774,60.81636624091116,1723,1,1.0
902,"1,902",1,0.001,1,0.0,0.21504189319796027,1,0,0.0
903,"1,903",906,0.906,301,17.67922883245784,62.41129701038001,1811,6,6.0
904,"1,904",857,0.857,227,27.05916150779763,69.72837526851525,1713,2,2.0
905,"1,905",935,0.935,268,20.95757186979901,61.48320863001182,1869,8,8.0
906,"1,906",869,0.869,228,25.35443045661733,71.31943255551059,1737,4,4.0
907,"1,907",3,0.003,2,0.0499881852932662,5.2042936050536515,5,2,2.0
908,"1,908",1,0.001,1,0.0,0.6782338961975172,1,0,0.0
909,"1,909",1,0.001,1,0.0,0.781100759000055,1,0,0.0
910,"1,910",1,0.001,1,0.0,0.7567061113398222,1,0,0.0
911,"1,911",873,0.873,263,34.66018664302421,71.23855906182783,1745,1,1.0
912,"1,912",2,0.002,2,1.6837722301867415,2.018974153821931,3,1,1.0
913,"1,913",1,0.001,1,0.0,0.5897122925642396,1,0,0.0
914,"1,914",1,0.001,1,0.0,0.19859354499574425,1,0,0.0
915,"1,915",1,0.001,1,0.0,0.5378824427640627,1,0,0.0
916,"1,916",6,0.006,3,4.934520105587933,8.162498282416527,11,1,1.0
917,"1,917",1,0.001,1,0.0,1.1654381685863828,1,0,0.0
918,"1,918",3,0.003,2,1.7233569788144552,6.449831425527156,5,2,2.0
919,"1,919",1,0.001,1,0.0,3.319628673333395,1,0,0.0
920,"1,920",1,0.001,1,0.0,0.6867654307753148,1,0,0.0
921,"1,921",1,0.001,1,0.0,0.46820257381747576,1,0,0.0
922,"1,922",881,0.881,222,24.039453050050977,75.98102718609904,1761,1,1.0
923,"1,923",895,0.895,274,31.699615224461525,71.72568722753793,1789,3,3.0
924,"1,924",897,0.897,230,26.465837136035436,82.09082445406402,1793,4,4.0
925,"1,925",1,0.001,1,0.0,1.3110500163302872,1,0,0.0
926,"1,926",1,0.001,1,0.0,1.8880610115191152,1,0,0.0
927,"1,927",869,0.869,195,20.521791979585018,74.85768047618147,1737,3,3.0
928,"1,928",2,0.002,2,0.3442938450915484,2.193936245885118,3,1,1.0
929,"1,929",1,0.001,1,0.0,1.138746509669047,1,0,0.0
930,"1,930",3,0.003,3,1.6157687946234833,2.810544628001607,5,1,1.0
931,"1,931",921,0.921,252,25.31709420446601,82.81369380634044,1841,1,1.0
932,"1,932",1,0.001,1,0.0,2.731763585732472,1,0,0.0
933,"1,933",3,0.003,2,0.47082631387820856,5.824617487087341,5,1,1.0
934,"1,934",1,0.001,1,0.0,0.03979843484564719,1,0,0.0
935,"1,935",901,0.901,273,21.874797915013957,68.33126689627314,1801,1,1.0
936,"1,936",854,0.854,243,29.08183887541477,73.08816533464487,1707,1,1.0
937,"1,937",3,0.003,3,0.7705294435905221,3.8020643322483436,5,2,2.0
938,"1,938",891,0.891,257,25.59343717762816,57.47428932825643,1781,3,3.0
939,"1,939",852,0.852,206,38.330484324489525,85.93949603894568,1703,2,2.0
940,"1,940",1,0.001,1,0.0,0.20897945629871803,1,0,0.0
941,"1,941",1,0.001,1,0.0,2.2731853838110925,1,0,0.0
942,"1,942",874,0.874,179,21.808564176718537,80.10075124695521,1747,5,5.0
943,"1,943",876,0.876,233,27.058003468795555,69.27582869970152,1751,4,4.0
944,"1,944",872,0.872,227,27.125293067802122,78.38165743336316,1743,4,4.0
945,"1,945",897,0.897,256,22.640068195039426,85.31095302915311,1793,5,5.0
946,"1,946",2,0.002,2,6.631889575039942,8.396486380064893,3,1,1.0
947,"1,947",2,0.002,2,3.0600498308765194,3.384290587680506,3,1,1.0
948,"1,948",924,0.924,280,26.043169805858152,76.80943709279065,1847,1,1.0
949,"1,949",893,0.893,223,19.688706219493774,57.27952559446996,1785,2,2.0
950,"1,950",2,0.002,2,0.41598859931885757,1.1768692309795639,3,1,1.0
951,"1,951",846,0.846,222,18.85417206074183,52.82129606663591,1691,3,3.0
952,"1,952",895,0.895,265,18.11216172091102,72.45741275353842,1789,10,10.0
953,"1,953",909,0.909,245,20.996460068958992,58.08276362541835,1817,9,9.0
954,"1,954",902,0.902,256,22.59488594979099,59.687982313376544,1803,5,5.0
955,"1,955",867,0.867,227,24.391851189375714,71.47374930819745,1733,6,6.0
956,"1,956",884,0.884,234,23.86750304846088,67.52501847235342,1767,4,4.0
957,"1,957",895,0.895,243,25.790574401932403,60.95458034546198,1789,10,10.0
958,"1,958",1,0.001,1,0.0,3.858197708446555,1,0,0.0
959,"1,959",887,0.887,229,22.83407181703927,64.17538067435976,1773,5,5.0
960,"1,960",1,0.001,1,0.0,0.027265971644564686,1,0,0.0
961,"1,961",859,0.859,214,28.936051955882228,73.2776679228878,1717,1,1.0
962,"1,962",888,0.888,242,22.987503486684467,60.78320251457533,1775,5,5.0
963,"1,963",878,0.878,243,22.581061598999245,71.58736779690962,1755,1,1.0
964,"1,964",880,0.88,229,28.261937100832167,80.87899533335946,1759,2,2.0
965,"1,965",1,0.001,1,0.0,3.052402563323998,1,0,0.0
966,"1,966",1,0.001,1,0.0,0.8400382473727024,1,0,0.0
967,"1,967",911,0.911,272,22.527689738898186,58.81000449718321,1821,3,3.0
968,"1,968",1,0.001,1,0.0,0.4651858594549091,1,0,0.0
969,"1,969",894,0.894,249,28.709636800517817,65.35541223352105,1787,5,5.0
970,"1,970",910,0.91,222,32.51414606524772,83.74315558673119,1819,1,1.0
971,"1,971",883,0.883,247,27.095491953884764,63.77326201385941,1765,1,1.0
972,"1,972",870,0.87,231,26.89657427377267,82.14477991034579,1739,2,2.0
973,"1,973",908,0.908,245,19.37374101349371,72.55511524542894,1815,5,5.0
974,"1,974",866,0.866,247,22.173636521102605,63.98368209865161,1731,3,3.0
975,"1,975",2,0.002,2,0.7409870792909135,4.201900525065825,3,1,1.0
976,"1,976",1,0.001,1,0.0,2.3027765574194383,1,0,0.0
977,"1,977",896,0.896,254,27.26718264987965,68.66496813352478,1791,3,3.0
978,"1,978",1,0.001,1,0.0,1.7883465318370713,1,0,0.0
979,"1,979",926,0.926,290,17.336833900226747,57.57284303497209,1851,3,3.0
980,"1,980",897,0.897,217,24.286600777804697,101.68329909849433,1793,4,4.0
981,"1,981",1,0.001,1,0.0,1.6058401939306097,1,0,0.0
982,"1,982",894,0.894,245,28.837764148090432,65.7019647386823,1787,4,4.0
983,"1,983",866,0.866,190,22.63112052515703,65.33562898919335,1731,5,5.0
984,"1,984",881,0.881,255,19.84300420364163,51.51252200691808,1761,3,3.0
985,"1,985",1,0.001,1,0.0,0.5075955372129088,1,0,0.0
986,"1,986",1,0.001,1,0.0,0.5995982902327437,1,0,0.0
987,"1,987",874,0.874,250,22.200596364475555,71.55056615452048,1747,10,10.0
988,"1,988",874,0.874,256,23.721245349524295,61.608996386111706,1747,5,5.0
989,"1,989",917,0.917,294,17.69939844427307,62.39161265115733,1833,6,6.0
990,"1,990",890,0.89,249,20.071748113304956,74.63672589325114,1779,1,1.0
991,"1,991",899,0.899,250,22.711812525112492,71.0140251294808,1797,6,6.0
992,"1,992",1,0.001,1,0.0,0.012810105458104662,1,0,0.0
993,"1,993",906,0.906,304,20.12768194936452,72.65448470047505,1811,4,4.0
994,"1,994",1,0.001,1,0.0,0.5300449519867096,1,0,0.0
995,"1,995",897,0.897,232,27.36180091559001,61.38138019291301,1793,1,1.0
996,"1,996",889,0.889,197,19.66850595054583,76.07152457575684,1777,3,3.0
997,"1,997",1,0.001,1,0.0,1.1604760382243802,1,0,0.0
998,"1,998",5,0.005,3,2.854805006783624,5.517701137282268,9,1,1.0
999,"1,999",878,0.878,234,22.069619869777135,70.96238324791351,1755,3,3.0
